-- MySQL dump 10.13  Distrib 8.0.34, for Linux (x86_64)
--
-- Host: localhost    Database: ammanfinance
-- ------------------------------------------------------
-- Server version	8.0.34-0ubuntu0.20.04.1

/*!40101 SET @OLD_CHARACTER_SET_CLIENT=@@CHARACTER_SET_CLIENT */;
/*!40101 SET @OLD_CHARACTER_SET_RESULTS=@@CHARACTER_SET_RESULTS */;
/*!40101 SET @OLD_COLLATION_CONNECTION=@@COLLATION_CONNECTION */;
/*!50503 SET NAMES utf8mb4 */;
/*!40103 SET @OLD_TIME_ZONE=@@TIME_ZONE */;
/*!40103 SET TIME_ZONE='+00:00' */;
/*!40014 SET @OLD_UNIQUE_CHECKS=@@UNIQUE_CHECKS, UNIQUE_CHECKS=0 */;
/*!40014 SET @OLD_FOREIGN_KEY_CHECKS=@@FOREIGN_KEY_CHECKS, FOREIGN_KEY_CHECKS=0 */;
/*!40101 SET @OLD_SQL_MODE=@@SQL_MODE, SQL_MODE='NO_AUTO_VALUE_ON_ZERO' */;
/*!40111 SET @OLD_SQL_NOTES=@@SQL_NOTES, SQL_NOTES=0 */;



ALTER TABLE `users` ADD `cpassword` VARCHAR(20) NULL DEFAULT NULL AFTER `password`;



--
-- Table structure for table `activation`
--

DROP TABLE IF EXISTS `activation`;
/*!40101 SET @saved_cs_client     = @@character_set_client */;
/*!50503 SET character_set_client = utf8mb4 */;
CREATE TABLE `activation` (
  `id` int NOT NULL AUTO_INCREMENT,
  `page_number` varchar(50) DEFAULT NULL,
  `customer_id` varchar(20) DEFAULT NULL,
  `item_name` varchar(100) DEFAULT NULL,
  `item_details` varchar(50) DEFAULT NULL,
  `measurement` varchar(20) DEFAULT NULL,
  `credit_amount` varchar(10) DEFAULT NULL,
  `intrest` varchar(10) DEFAULT NULL,
  `from_date` date DEFAULT NULL,
  `item_image` varchar(200) DEFAULT NULL,
  `status` varchar(10) DEFAULT NULL,
  `created_at` varchar(20) DEFAULT NULL,
  `updated_at` date DEFAULT NULL,
  `login_id` int DEFAULT NULL,
  PRIMARY KEY (`id`)
) ENGINE=InnoDB;
/*!40101 SET character_set_client = @saved_cs_client */;

--
-- Dumping data for table `activation`
--

LOCK TABLES `activation` WRITE;
/*!40000 ALTER TABLE `activation` DISABLE KEYS */;
INSERT INTO `activation` VALUES (1,'01','1','RING','RING WITH ELEPHANT HAIR','1','4000','24','2021-10-07',NULL,'1','2023-02-05 17:18:44',NULL,1),(2,'03','2','KAMMAL 2PAIR','KAMMAL 3 PAIR 4.6GR\r\nKODI KOLUSU 200GR amman 759','4.600','20000','24','2022-01-11',NULL,NULL,'2023-02-05 17:24:14','2023-02-08',1),(3,'04 A','3','KAMMAL,BANGLE',NULL,'2.9','10000','24','2022-08-05',NULL,'1','2023-02-05 17:30:59',NULL,1),(4,'04B','3','CHAIN',NULL,'4.2','10000','24','2022-11-01',NULL,'1','2023-02-05 17:32:02',NULL,1),(5,'06 A','4','RING',NULL,'1','3200','24','2019-02-07',NULL,'1','2023-02-05 17:34:55',NULL,1),(7,'07','5','KAMMAL WITH JIMIKKI',NULL,'4.7','15000','24','2021-10-17',NULL,'1','2023-02-05 17:39:39',NULL,1),(8,'09','7','RING',NULL,'4','0','24','2023-06-08',NULL,'2','2023-02-05 17:47:22','2023-06-08',1),(9,'10','8','KAMMAL',NULL,'2.150','7500','24','2021-01-24',NULL,'1','2023-02-05 17:51:22',NULL,1),(10,'11','9','kammal with stone',NULL,'7 GR','10000','24','2021-03-29',NULL,'1','2023-02-05 17:53:31',NULL,1),(11,'12','10','RING 2','AMMAN 782','3.5','11000','24','2022-09-28',NULL,'1','2023-02-06 08:49:37',NULL,1),(12,'14','11','KAMMAL1PAIR',NULL,'4.3','15000','24','2021-02-04',NULL,'1','2023-02-06 08:53:30',NULL,1),(13,'15','12','RING1,','UKU','2.9','0','24','2023-05-14',NULL,'2','2023-02-06 08:56:49','2023-05-14',1),(16,'16','13','KAMMAL+JIMIKI-1 JODI','PERIYATHALAI VETRIVEL KAGA','3.5','12000','24','2022-10-11',NULL,'1','2023-02-06 09:06:49',NULL,1),(17,'18','15','DAMAGED KAMMAL I JODI,RING 1','THANGARAJ KAGA','3.7','12000','24','2020-10-16',NULL,'2','2023-02-06 09:09:28','2023-02-06',1),(18,'18','15','DAMGED RING 1',NULL,'1 GM','2500','24','2022-12-27',NULL,'1','2023-02-06 09:10:33',NULL,1),(22,'21','18','RING 1',NULL,'3 GM','4000','24','2023-04-20',NULL,'1','2023-02-06 09:27:02','2023-04-20',1),(23,'22','19','STAR KAMMAL 1 JODI',NULL,'500 ML','2000','24','2022-08-09',NULL,'1','2023-02-06 09:29:57',NULL,1),(24,'22','19','RING 1',NULL,'3 GM','10000','24','2022-12-17',NULL,'1','2023-02-06 09:30:40',NULL,1),(25,'23','20','SILVER KODI 1',NULL,'108 GM','0','24','2023-05-04',NULL,'2','2023-02-06 09:32:44','2023-05-04',1),(26,'26','21','SILVER KODI 1',NULL,'70 GM','1500','24','2020-12-16',NULL,'1','2023-02-06 09:35:00',NULL,1),(28,'30','23','RING 1, KAMMAL 1 JODI',NULL,'7 GM','25000','24','2023-01-07',NULL,'1','2023-02-06 09:42:03',NULL,1),(32,'39','26','THIRUMANGALYAM 1,KAMMAL 1 JODI',NULL,'25. GM','5000','24','2021-07-22',NULL,NULL,'2023-02-06 11:32:05','2023-02-08',1),(33,'40','27','KODI 1',NULL,'120 GM','3500','24','2019-03-14',NULL,NULL,'2023-02-06 11:33:47','2023-02-08',1),(34,'42','27','CHAIN+DOLLAR 1',NULL,'4.7 GM','60000','24','2019-10-03',NULL,NULL,'2023-02-06 11:35:33','2023-02-08',1),(35,'43','27','NO THING',NULL,NULL,'8000','24','2019-11-19',NULL,'1','2023-02-06 11:36:49',NULL,1),(38,'46','28','KODI 1',NULL,'80 GM','2000','24','2021-08-13',NULL,'1','2023-02-06 11:42:26',NULL,1),(42,'48','28','KAL KAMMAL KUCHI 1 JODI,2 JODI',NULL,'1 GM - 700 ML','1500','24','2020-09-30',NULL,'1','2023-02-06 11:49:37',NULL,1),(44,'51','30','VALAYAM 1 JODI',NULL,'4.3 GM','12000','24','2021-03-17',NULL,NULL,'2023-02-06 11:53:25','2023-02-08',1),(45,'51','30','KAMMAL 1 JODI',NULL,'1.90 GM','0','24','2023-03-18',NULL,'2','2023-02-06 11:54:07','2023-03-18',1),(48,'54','32','RING 2',NULL,'4 GM','12000','24','2021-10-01',NULL,NULL,'2023-02-06 11:58:51','2023-02-08',1),(60,'64','39','MALAI1',NULL,'32.5 GM','46000','24','2016-01-26',NULL,'1','2023-02-06 12:21:37',NULL,1),(63,'67','40','KAMMAL 1 JODI,RING 1',NULL,'3.3 GM','8000','24','2022-01-10',NULL,'1','2023-02-06 12:26:47',NULL,1),(72,'72','40','RING 2-AS,SM',NULL,'9.5 GM','30000','24','2021-09-02',NULL,'1','2023-02-06 13:17:58',NULL,1),(73,'72','40','KOLUSU 2 JODI',NULL,'120 GM','2500','24','2022-11-10',NULL,'1','2023-02-06 13:19:01',NULL,1),(80,'84','45','KOLUSU 1 JODI',NULL,'132 GM','3000','24','2023-01-20',NULL,'1','2023-02-06 13:34:42',NULL,1),(81,'86','46','CHAIN WITH SILUVAI DOLLAR 1',NULL,'8 GM','13000','24','2023-01-18',NULL,'1','2023-02-06 13:36:42',NULL,1),(82,'88','47','KAMMAL 1 JODI',NULL,'4 GM','0','24','2023-03-17',NULL,'2','2023-02-06 13:38:11','2023-03-17',1),(83,'89','47','RING 1',NULL,'3 GM','0','24','2023-03-17',NULL,'2','2023-02-06 13:38:48','2023-03-17',1),(84,'89','47','KAMMAL I JODI-1.9 GM, KOLUSU 86 GM',NULL,'MIXED','0','24','2023-03-17',NULL,'2','2023-02-06 13:40:26','2023-03-17',1),(85,'90','47','KAMMAL 1 JODI',NULL,'2.1 GRAM','0','24','2023-03-17',NULL,'2','2023-02-06 13:41:32','2023-03-17',1),(88,'93','49','kal kammal 1 jodi-4.5 gram',NULL,'3.2 GRAM','10000','24','2022-07-08',NULL,NULL,'2023-02-06 13:46:30','2023-02-08',1),(89,'96','50','CHAIN WITH SILUVAI DOLLAR 1',NULL,'6.75 GM','21000','24','2020-12-07',NULL,'1','2023-02-06 13:48:34',NULL,1),(90,'96','50','KAMMAL+ JIMIKI 1 JODI',NULL,'4.7 GRAM','18000','24','2023-02-03',NULL,'1','2023-02-06 13:49:36',NULL,1),(91,'98','51','RING 1',NULL,'5.96 GM','20000','24','2020-11-03',NULL,'1','2023-02-06 13:51:06',NULL,1),(92,'98','51','KAMMAL+ THONGATTAN 1 JODI',NULL,'3.4 GM','11000','24','2020-11-05',NULL,'1','2023-02-06 13:52:02',NULL,1),(93,'99','52','THIRUMANGALYA DOLLAR 1, RING 1',NULL,'2.8 GM','8000','24','2023-05-07',NULL,'1','2023-02-06 13:53:35','2023-05-07',1),(94,'100','53','KOLUSU 1 JODI',NULL,'106 GM','2000','24','2021-03-12',NULL,'1','2023-02-06 13:54:54',NULL,1),(95,'101','53','KOLUSU 1 JODI','AMMA VU KAGA','96 GM','2000','24','2021-02-24',NULL,'1','2023-02-06 13:55:47',NULL,1),(96,'101','53','RING 1',NULL,'2 GM','6500','24','2021-08-05',NULL,'1','2023-02-06 13:56:30',NULL,1),(97,'103','54','KAMMAL 1 JODI',NULL,'1 GM','3000','24','2020-06-03',NULL,'1','2023-02-06 13:58:12',NULL,1),(104,'108','56','JIMIKI 1 JODI',NULL,'3 GM','10000','24','2021-11-01',NULL,'1','2023-02-06 14:06:00',NULL,1),(105,'110','57','DOCUMENT',NULL,NULL,'200000','24','2014-12-07',NULL,'1','2023-02-06 14:07:48',NULL,1),(106,'111','58','DOCUMENT',NULL,NULL,'160000','24','2013-07-19',NULL,'1','2023-02-06 14:09:03',NULL,1),(107,'112','59','VALAYAM 1 JODI',NULL,'800 ML','2500','24','2022-01-01',NULL,'1','2023-02-06 15:11:02',NULL,1),(108,'113','60','KAI CHAIN 1',NULL,'4.6 GM','10000','24','2021-04-16',NULL,'1','2023-02-06 15:12:39',NULL,1),(109,'114','61','KAMMAL 1 JODI',NULL,'4 GM','15000','24','2021-05-03',NULL,'1','2023-02-06 15:14:32',NULL,1),(110,'115','61','CHAIN 1',NULL,'10GM','35000','24','2022-08-06',NULL,'1','2023-02-06 15:16:05',NULL,1),(111,'115','61','KALKAMMAL 1 JODI-4.4 GM',NULL,'4 GM','15000','24','2022-11-05',NULL,'1','2023-02-06 15:17:24',NULL,1),(112,'116','62','RING 1',NULL,'4 GM','10000','24','2021-01-29',NULL,'1','2023-02-06 15:19:02',NULL,1),(113,'116','62','kalkammal 1 jodi 4.2 gm-35 gm,kolusu 3 jodi-265 gm',NULL,'see item detail','17000','24','2020-11-28',NULL,NULL,'2023-02-06 15:21:31','2023-02-06',1),(114,'117','62','ring 1',NULL,'2.3 gm','7500','24','2021-02-10',NULL,'1','2023-02-06 15:23:54',NULL,1),(117,'122','64','RING 1',NULL,'3 GM','10000','24','2022-07-04',NULL,'1','2023-02-06 15:30:20',NULL,1),(118,'123','65','NECKALS 1 (916)',NULL,'20 GM','57000','24','2020-02-06',NULL,'1','2023-02-06 15:32:07',NULL,1),(119,'124','66','PURE GOLD COIN 1 - 4 GM,RING 1-850ML',NULL,'4.85 GM','14000','24','2019-07-14',NULL,'1','2023-02-06 15:34:18',NULL,1),(120,'124','66','KAMMAL ,KATHU MATTI 1 JODI',NULL,'6.2 GM','20000','24','2021-07-26',NULL,'1','2023-02-06 15:35:15',NULL,1),(121,'125','66','KAMMAL JIMIKI 1 JODI',NULL,'4.4 GM','10000','24','2021-06-16',NULL,'1','2023-02-06 15:36:02',NULL,1),(122,'125','66','RING 3',NULL,'5.5 GM','17000','24','2021-04-28',NULL,'1','2023-02-06 15:36:35',NULL,1),(123,'126','66','KAL KAMMAL 1 JODI- 4 GM',NULL,'3 GM','11500','24','2020-06-01',NULL,'1','2023-02-06 15:37:35',NULL,1),(124,'128','67','KODI 1',NULL,'50 GM','1000','24','2017-09-09',NULL,'1','2023-02-06 15:39:07',NULL,1),(125,'128','67','RING 1',NULL,'2 GM','4000','24','2020-07-18',NULL,'1','2023-02-06 15:39:46',NULL,1),(126,'130','68','KAMMAL 2 JODI,NELIVU RING 1',NULL,'3.1 GM','11000','24','2022-12-14',NULL,'1','2023-02-06 15:41:06',NULL,1),(127,'130','68','RING 2,KAMMAL 1 JODI',NULL,'8.65 GM','28000','24','2022-12-22',NULL,'1','2023-02-06 15:41:59',NULL,1),(128,'131','68','NELIVU RING 1,KAMMAL JIMIKI 1 JODI, KAMMAL THONGATTAN 1 JODI',NULL,'8 GM','30000','24','2022-12-22',NULL,'1','2023-02-06 15:43:22',NULL,1),(129,'132','68','KAL KAMMAL 1 JODI-7 GM',NULL,'5 GM','12000','24','2022-12-22',NULL,'1','2023-02-06 15:44:16',NULL,1),(130,'133','69','RING 1',NULL,'7.8 GM','30000','24','2022-01-31',NULL,'1','2023-02-06 15:46:13',NULL,1),(131,'134','70','KAL KAMMAL 1 JODI-2 GM',NULL,'1.5 GM','5000','24','2022-07-26',NULL,'1','2023-02-06 15:47:34',NULL,1),(133,'136','72','VALAYAM 1 JODI',NULL,'2.95 GM','9000','24','2021-03-15',NULL,'1','2023-02-06 15:50:02',NULL,1),(134,'139 A','73','MUTHU KAMMAL 2 JODI-4 GM',NULL,'3 GM','10000','24','2020-10-11','',NULL,'2023-02-06 15:51:29','2023-07-09',1),(135,'140','74','KAMMAL JIMIKI 1 JODI','ARUMUGAKANI MULAM',NULL,'7499','24','2023-07-23',NULL,'1','2023-02-06 15:53:33','2023-07-23',1),(136,'140','74','KAMMAL 1 JODI',NULL,'3 GM','10000','24','2023-07-23',NULL,'1','2023-02-06 15:54:11','2023-07-23',1),(137,'141','74','KAMMAL 1 JODI',NULL,'1 GM','3500','24','2023-07-23',NULL,'1','2023-02-06 15:54:50','2023-07-23',1),(139,'142','75','KAMMAL 1 JODI',NULL,'2 GM','6000','24','2020-02-12',NULL,'1','2023-02-06 15:58:12',NULL,1),(140,'143','76','KAMMAL THONGATTAN 1 JODI',NULL,'4 GM','10000','24','2023-01-05',NULL,'1','2023-02-06 15:59:41',NULL,1),(141,'143','76','KOLUSU 1 JODI',NULL,'165 GM','4000','24','2023-01-30',NULL,'1','2023-02-06 16:00:17',NULL,1),(142,'144','76','KODI 1',NULL,'62 GM','1500','24','2021-03-24',NULL,'1','2023-02-06 16:00:57',NULL,1),(143,'147','77','KOLUSU 1 JODI',NULL,'94 GM','0','24','2023-04-05',NULL,'2','2023-02-06 16:02:03','2023-04-05',1),(144,'149','78','KATHU MATTAL 1 JODI','SILUVAI PITCHAI MULAM','3.3 GM','2500','24','2017-01-18',NULL,'1','2023-02-06 16:03:40',NULL,1),(145,'150','80','RING 1','AMMAN  173','2.15 GM','7000','24','2022-07-16',NULL,'1','2023-02-06 16:05:47',NULL,1),(150,'155','82','RING 1',NULL,'3.7 GM','7000','24','2017-04-11',NULL,'1','2023-02-06 16:13:08',NULL,1),(152,'157','18','RING 2',NULL,NULL,'17000','24','2023-04-20',NULL,'1','2023-02-06 16:15:53','2023-04-20',1),(154,'160','85','CHAIN 1,RING 4,KAMMAL 1 JODI',NULL,'7.7 GM','24000','24','2020-08-22',NULL,'1','2023-02-06 16:22:42',NULL,1),(160,'163','86','VALAYAM 1 JODI',NULL,'3 GM','10000','24','2022-08-27',NULL,'1','2023-02-06 16:29:30',NULL,1),(161,'164','86','RING 2',NULL,'2 GM','6000','24','2022-03-02',NULL,'1','2023-02-06 16:30:15',NULL,1),(163,'168','88','KAMMAL 1 JODI',NULL,'3.5 GM','12000','24','2021-10-01',NULL,NULL,'2023-02-06 16:35:59','2023-02-08',1),(164,'170','89','RING 2,KAMMAL KUCHI',NULL,'3.1 GM','10000','24','2022-07-14',NULL,NULL,'2023-02-06 16:38:13','2023-02-08',1),(165,'172','90','RING 1 L.S',NULL,'3 GM','10000','24','2021-02-27',NULL,'1','2023-02-06 16:39:58',NULL,1),(166,'172','90','KODI 1',NULL,'80 GM','2000','24','2021-05-24',NULL,'1','2023-02-06 16:40:29',NULL,1),(167,'173','90','NECKLAS 1',NULL,'16 GM','60000','24','2021-09-05',NULL,'1','2023-02-06 16:41:10',NULL,1),(168,'175','91','KAMMAL 1 JODI',NULL,'1.9 GM','2500','24','2022-11-13',NULL,'1','2023-02-06 16:42:36',NULL,1),(170,'179','92','THIRUMANGALYAM -3.3 GM, KODI 87 GM',NULL,'ITEM DETAIL','15000','24','2022-08-08',NULL,NULL,'2023-02-06 16:46:17','2023-02-08',1),(175,'184','94','KAMMAL JIMIKI 1 JODI','RASUL MULAM','2.1 GM','6000','24','2022-04-13',NULL,'1','2023-02-06 16:52:54',NULL,1),(176,'184','94','KOLUSU 1 JODI, KODI 1','RASUL MULAM','280 GM','6000','24','2022-03-11',NULL,'1','2023-02-06 16:54:03',NULL,1),(177,'185','94','KOLUSU 1 JODI','CHELLADURAI KAGA','100 GM','0','24','2023-04-07',NULL,'2','2023-02-06 16:54:57','2023-04-07',1),(178,'185','94','VALAYAM 1 JODI','RASUL MULAM','3 GM','10000','24','2020-11-20',NULL,'1','2023-02-06 16:55:44',NULL,1),(179,'187','95','KAMMAL THONGATTAN 1 JODI',NULL,NULL,'0','24','2023-03-18',NULL,'2','2023-02-06 16:57:07','2023-03-18',1),(180,'193','96','RING 1',NULL,'750ML','2000','24','2021-08-19',NULL,'1','2023-02-06 16:59:47',NULL,1),(181,'194','97','RING 1, KAMMARING 1 - 9 GM',NULL,'8 GM','25000','24','2022-05-31','',NULL,'2023-02-06 17:02:23','2023-06-11',1),(182,'194','97','RING 1',NULL,'1.4 GM','4000','24','2022-08-05',NULL,'1','2023-02-06 17:03:04',NULL,1),(183,'195','97','KAMMAL 1 JODI','JEYALAKSHMI MULAM','2.5 GM','7500','24','2022-06-28',NULL,'1','2023-02-06 17:04:18',NULL,1),(184,'195','97','RING 1',NULL,'2 GM','7000','24','2022-08-21',NULL,'1','2023-02-06 17:05:01',NULL,1),(185,'197','98','MATTAL 1 JODI',NULL,'2 GM','0','24','2023-05-14',NULL,'2','2023-02-06 17:06:32','2023-05-14',1),(186,'198','94','RING 2',NULL,'3.9 GM','10000','24','2021-01-01',NULL,'1','2023-02-06 17:07:23',NULL,1),(187,'202','99','KOLUSU 1 JODI',NULL,'155 GM','3500','24','2021-08-24',NULL,'1','2023-02-06 17:08:41',NULL,1),(188,'202','99','VALAYAM 1 JODI,KAMMAL KUCHI 1 JODI','AMMAN 762','2.3 GM','9000','24','2022-02-23',NULL,'1','2023-02-06 17:09:48',NULL,1),(189,'203','67','GOLD COIN 22 C+',NULL,'8 GM','25000','24','2021-04-15',NULL,'1','2023-02-06 17:11:33',NULL,1),(190,'204','100','KAMMAL 1 JODI-1.4 GM, KOLUSU 3-65 GM',NULL,NULL,'0','24','2023-04-13',NULL,'2','2023-02-06 17:13:42','2023-04-13',1),(191,'205','100','KAMMAL 1 JODI',NULL,'2 GM','6500','24','2020-11-05',NULL,'1','2023-02-06 17:14:24',NULL,1),(193,'209','102','JIMIKI 1 JODI',NULL,'2.8 GM','9000','24','2020-11-30',NULL,'1','2023-02-06 17:38:43',NULL,1),(197,'212','104','KAMMAL JIMIKI',NULL,'4.3 GM','15000','24','2022-12-12',NULL,'1','2023-02-06 17:43:31',NULL,1),(199,'216','106','NECKLAS 1 (916)',NULL,'16.8 GM','60000','24','2020-12-19',NULL,'1','2023-02-06 17:47:48',NULL,1),(200,'217','106','NECKLAS 1',NULL,'24.5 GM','85000','24','2021-09-07',NULL,'1','2023-02-06 17:48:40',NULL,1),(201,'217','106','RING 1',NULL,'3.8 GM','0','24','2023-03-24',NULL,'2','2023-02-06 17:49:17','2023-03-24',1),(202,'218','106','KAL KAMMAL 1 JODI, NELIVU RING 1 TOTAL 14.25 GM',NULL,'11 GM','37000','24','2021-07-28',NULL,'1','2023-02-06 17:50:40',NULL,1),(203,'218','106','MUTHUMANI MALAI 1 , 30 GM',NULL,'22 GM','70000','24','2021-09-08',NULL,'1','2023-02-06 17:51:33',NULL,1),(204,'219','106','KAMMAL 1 JODI, RING 1',NULL,'3.5 GM','0','24','2023-03-24',NULL,'2','2023-02-06 17:52:38','2023-03-24',1),(205,'220','106','KAMMAL AND MATTAL 1 JODI, RING 2',NULL,'15 GM','0','24','2023-03-24',NULL,'2','2023-02-06 17:53:53','2023-03-24',1),(206,'220','106','KAI CHAIN 1,JIMIKI 1 JODI, KAL NELIVU RING  1,  TOTAL 8.2 GM',NULL,'7.7 GM','27000','24','2021-08-18',NULL,'1','2023-02-06 17:55:42',NULL,1),(207,'221','107','RING 1, DOLLAR 1',NULL,'6.4 GM','20000','24','2021-09-11',NULL,'1','2023-02-06 17:57:09',NULL,1),(208,'221','107','KAMMAL 1 JODI',NULL,'1.8 GM','6000','24','2022-04-22',NULL,'1','2023-02-06 17:57:49',NULL,1),(209,'223','108','RING 1',NULL,'2 GM','5000','24','2023-04-20',NULL,'1','2023-02-06 18:34:22','2023-04-20',1),(210,'223','108','KOLUSU 1 JODI',NULL,'55 GM','1000','24','2022-09-08',NULL,'1','2023-02-06 18:35:00',NULL,1),(211,'224','108','CHAIN 1',NULL,'5.9 GM','18000','24','2023-04-20',NULL,'1','2023-02-06 18:35:44','2023-04-20',1),(212,'224','108','KAMMAL 1 JODI',NULL,'2.2 GM','0','24','2023-04-20',NULL,'2','2023-02-06 18:36:20','2023-04-20',1),(213,'225','109','KODI 1',NULL,'89 GM','0','24','2023-05-04',NULL,'2','2023-02-06 18:37:28','2023-05-04',1),(214,'226','110','RING 2',NULL,'4.2 GM','14500','24','2022-08-17',NULL,'1','2023-02-06 18:38:50',NULL,1),(215,'226','110','KAMMAL JIMIKI 1 JODI',NULL,'5.4 GM','20000','24','2023-02-05',NULL,'1','2023-02-06 18:39:43',NULL,1),(219,'231','111','MATTAL 1 JODI',NULL,'1.9 GM','6000','24','2022-10-19',NULL,'1','2023-02-06 18:43:54',NULL,1),(222,'233','112','KAMMAL 1 JODI',NULL,'1.8 GM','5000','24','2021-11-18',NULL,'1','2023-02-06 18:46:05',NULL,1),(225,'236','114','KAL KAMMAL 1 JODI- 2.6 GM',NULL,'2 GM','2000','24','2023-01-29',NULL,'1','2023-02-06 18:51:40',NULL,1),(226,'237','115','RING 1',NULL,'2.6 GM','6000','24','2020-08-21',NULL,'1','2023-02-06 18:53:29',NULL,1),(228,'245','117','RING 1',NULL,'3.8 GM','10000','24','2020-06-11',NULL,'1','2023-02-06 18:57:01',NULL,1),(229,'245','117','RING 1',NULL,'6.1 GM','23000','24','2023-02-04',NULL,'1','2023-02-06 18:57:34',NULL,1),(230,'246','85','THAALI POTTU 3 PIECE',NULL,'4 GM','10000','24','2021-04-02',NULL,'1','2023-02-06 18:58:51',NULL,1),(231,'246','85','THIRUMANGALYA DOLLAR 1',NULL,'3 GM','9000','24','2021-04-07',NULL,'1','2023-02-06 18:59:36',NULL,1),(235,'248','118','RING 1',NULL,'1.5 GM','5000','24','2023-01-17',NULL,'1','2023-02-06 19:03:15',NULL,1),(236,'249','119','KAMMAL THONGATTAN 1 JODI',NULL,'2.2 GM','7000','24','2022-01-28',NULL,'1','2023-02-06 19:05:20',NULL,1),(237,'250','119','ILAI KAMMAL 1 JODI - 4 GM',NULL,'3 GM','10000','24','2022-02-18',NULL,'1','2023-02-06 19:06:37',NULL,1),(238,'251','119','THONGATTAN 1 JODI',NULL,'3.6 GM','10000','24','2022-03-19',NULL,'1','2023-02-06 19:07:16',NULL,1),(240,'252','120','CHAIN 1, KAMMAL 1 JODI','SIVA VU KAGA','10.4 GM','30000','24','2021-05-07',NULL,'1','2023-02-06 19:10:46',NULL,1),(241,'252','120','RING 1','SIVA VU KAGA','4 GM','13000','24','2022-04-01',NULL,'1','2023-02-06 19:11:34',NULL,1),(242,'253','120','OM DOLLAR CHAIN 1','SIVA VU KAGA','7.9 GM','25000','24','2021-05-09',NULL,'1','2023-02-06 19:12:24',NULL,1),(243,'254','121','NECKLAS 1',NULL,'13.4 GM','45000','24','2022-06-16',NULL,'1','2023-02-06 19:13:38',NULL,1),(244,'255','121','DOLLAR 1 - 4 GM',NULL,'3 GM','10000','24','2022-01-31',NULL,'1','2023-02-06 19:19:25',NULL,1),(245,'255','121','THIRUMANGALYA DOLLAR 1',NULL,'1.9 GM','0','24','2023-05-14',NULL,'2','2023-02-06 19:20:10','2023-05-14',1),(246,'256','122','KOLUSU 1 JODI',NULL,'200 GM','0','24','2023-05-04',NULL,'2','2023-02-06 19:21:14','2023-05-04',1),(247,'256','122','TITANIC 1 JODI - 3.1 GM',NULL,'1.7 GM','0','24','2023-05-04',NULL,'2','2023-02-06 19:22:12','2023-05-04',1),(248,'257','122','KODI 1',NULL,'180 GM','4000','24','2022-11-12',NULL,'1','2023-02-06 19:23:12',NULL,1),(249,'259','123','RING 1',NULL,'1 GM','3000','24','2022-03-08',NULL,'1','2023-02-06 19:50:40',NULL,1),(250,'259','123','KAMMAL KUCHI 1 JODI',NULL,'900 ML','3000','24','2022-05-02',NULL,'1','2023-02-06 19:51:17',NULL,1),(252,'265','125','KAI CHAIN 1',NULL,'8 GM','25000','24','2021-06-09',NULL,'1','2023-02-06 19:54:08',NULL,1),(253,'265','125','RING 1',NULL,'4 GM','13000','24','2021-02-19',NULL,'1','2023-02-06 19:54:39',NULL,1),(254,'266','125','RING 1 AV',NULL,'4 GM','12000','24','2021-06-15',NULL,'1','2023-02-06 19:55:23',NULL,1),(255,'267','125','RC BOOK',NULL,NULL,'30000','24','2021-02-07',NULL,'1','2023-02-06 19:56:03',NULL,1),(256,'268','126','RING 1',NULL,'8.5 GM','20000','24','2020-10-28',NULL,'1','2023-02-06 19:57:52',NULL,1),(257,'270','127','RING 1',NULL,'500 ML','1000','24','2018-03-25',NULL,'1','2023-02-06 19:59:46',NULL,1),(258,'276','128','ILAI KAMMAL 1 JODI',NULL,'2.65 GM','7000','24','2022-07-26',NULL,'1','2023-02-06 20:01:26',NULL,1),(259,'277','128','OM DOLLAR CHAIN 1',NULL,'7.9 GM','28000','24','2022-10-27',NULL,NULL,'2023-02-06 20:02:13','2023-02-08',1),(260,'277','128','VALAYAM 1 JODI','VINAYAGAM KU','4.30 GM','15000','24','2022-12-15',NULL,'1','2023-02-06 20:03:14',NULL,1),(261,'278','128','RING 2, KAI CHAIN 1',NULL,'5 GM','16000','24','2020-10-22',NULL,'1','2023-02-06 20:04:17',NULL,1),(263,'280','129','MATTAL 1 JODI',NULL,'3 GM','10000','24','2023-04-30',NULL,'1','2023-02-06 20:06:36','2023-04-30',1),(264,'281','130','RING 1,KAI CHAIN 1,KAMMAL THONGATTAN MATTAL 1 JODI',NULL,NULL,'50000','24','2020-11-01',NULL,'1','2023-02-06 20:08:26',NULL,1),(265,'282','130','CHAIN WITH DOLLAR 1',NULL,'42 GM','150000','24','2021-07-31',NULL,'1','2023-02-06 20:09:24',NULL,1),(266,'283','131','RING 1',NULL,'1.6 GM','0','24','2023-06-25',NULL,'2','2023-02-06 20:10:25','2023-06-25',1),(278,'293','134','KAI CHAIN 1, ARUNTHA CHAIN 1, KAL KAMMAL 1 JODI - TOTAL 28 GM',NULL,'26 GM','80000','24','2021-09-12',NULL,'1','2023-02-06 20:22:03',NULL,1),(279,'295','134','KAMMAL 1 JODI',NULL,'1.7 GM','5500','24','2022-02-27',NULL,'1','2023-02-06 20:22:49',NULL,1),(280,'296','135','KAMMAL 1 JODI',NULL,'3.9 GM','0','24','2023-03-16',NULL,'2','2023-02-06 20:24:15','2023-03-16',1),(281,'297','135','MATTAL 1 JODI',NULL,'2 GM','0','24','2023-03-17',NULL,'2','2023-02-06 20:24:57','2023-03-17',1),(282,'298','136','KAMMAL 1 JODI',NULL,'2.1 GM','0','24','2023-03-24',NULL,'2','2023-02-06 20:27:38','2023-03-24',1),(285,'302','138','RING 1','SUNDAR MULAM','2 GM','4000','24','2019-10-14',NULL,'1','2023-02-06 20:32:29',NULL,1),(286,'303','139','MATTAL 1 JODI',NULL,'2 GM','0','24','2023-03-17',NULL,'2','2023-02-06 20:33:39','2023-03-17',1),(287,'307','140','KAMMAL 1 JODI',NULL,'1.95 GM','6500','24','2020-12-15',NULL,'1','2023-02-06 20:35:38',NULL,1),(288,'308','141','KAL KAMMAL  JIMIKII 1 JODI,KAL RING 1 - TOTAL 7.6 GM',NULL,'6.5 GM','23000','24','2021-11-18',NULL,'1','2023-02-06 20:38:06',NULL,1),(289,'308','141','KAL RING 1 - 2 GM','404 PAGE','1.5 GM','4500','24','2021-12-01',NULL,'1','2023-02-06 20:39:08',NULL,1),(290,'309','141','UDAINTHA VALAYAL 1 JODI',NULL,'8.8 GM','30000','24','2020-10-26',NULL,'1','2023-02-06 20:39:53',NULL,1),(291,'310','141','JIMIKI 1 JODI, KAI CHAIN 1, SANGU KAL RING 1- - TOTAL 7.5 GM','MURUGARAJ MULAM','6.5 GM','20000','24','2021-05-18',NULL,NULL,'2023-02-06 20:42:09','2023-02-06',1),(292,'310','141','KAMMAL 1 JODI',NULL,'4.2 GM','13000','24','2021-12-26',NULL,'1','2023-02-06 20:43:13',NULL,1),(293,'311','141','MATTAL 1 JODI, RING 1',NULL,'3.1 GM','10000','24','2021-08-31',NULL,'1','2023-02-06 20:44:31',NULL,1),(294,'311','141','KAMMAL THONGATTAN 1 JODI',NULL,'3 GM','10000','24','2022-03-10',NULL,'1','2023-02-06 20:45:19',NULL,1),(295,'312','141','OM DOLLAR CHAIN 1',NULL,'11.3 GM','38300','24','2021-09-21',NULL,'1','2023-02-06 20:46:18',NULL,1),(296,'312','141','KAMMAL 1 JODI-2.2 GM, KOLUSU 2 JODI 65 GM',NULL,NULL,'10000','24','2022-03-27',NULL,'1','2023-02-06 20:47:38',NULL,1),(297,'313','142','KAMMAL 1 JODI',NULL,'2.2 GM','7000','24','2020-10-16',NULL,'1','2023-02-07 09:54:36',NULL,1),(298,'316','143','MATTAL 1 JODI',NULL,'1.9 GM','6000','24','2022-03-14',NULL,'1','2023-02-07 09:55:54',NULL,1),(300,'317','143','KAMMAL 1 JODI',NULL,'3.9 GM','12000','24','2022-03-14',NULL,'1','2023-02-07 09:57:08',NULL,1),(301,'317','143','RING 1',NULL,'4.6 GM','15000','24','2022-10-15',NULL,'1','2023-02-07 09:57:43',NULL,1),(303,'320','145','KAMMAL 1 JODI',NULL,'2 GM','6000','24','2022-06-10',NULL,'1','2023-02-07 10:17:52',NULL,1),(310,'328','147','JIMIKI 1 JODI',NULL,'3.1 GM','10000','24','2021-02-10',NULL,'1','2023-02-07 10:26:42',NULL,1),(311,'329','148','MATTAL 1 JODI',NULL,'2.9 GM','10000','24','2021-11-25',NULL,'1','2023-02-07 10:28:26',NULL,1),(312,'330','148','RING  1=  1 GM, KOLUSU 132 GM',NULL,NULL,'6000','24','2022-07-20',NULL,'1','2023-02-07 10:33:18',NULL,1),(313,'331','148','KAMMAL 1 JODI',NULL,'3.8 GM','14000','24','2022-06-25',NULL,'1','2023-02-07 10:34:22',NULL,1),(315,'333','149','RING 1, JIMIKI 1 JODI',NULL,'5.4 GM','12000','24','2019-09-09',NULL,'1','2023-02-07 10:36:14',NULL,1),(316,'333','149','KOLUSU 2 JODI',NULL,'250 GM','5000','24','2020-09-15',NULL,'1','2023-02-07 10:36:50',NULL,1),(317,'334','149','KAMMAL 1 JODI',NULL,'3 GM','7500','24','2020-03-09',NULL,'1','2023-02-07 10:37:26',NULL,1),(318,'334','149','KAMMAL 1 JODI',NULL,'2 GM','7000','24','2023-01-10',NULL,'1','2023-02-07 10:38:05',NULL,1),(319,'335','149','KAL RING 1 = 5.8 GM',NULL,'4.8 GM','17000','24','2022-10-10',NULL,NULL,'2023-02-07 10:38:51','2023-02-08',1),(320,'336','149','RING 1',NULL,'2.4 GM','5000','24','2019-09-20',NULL,'1','2023-02-07 10:39:35',NULL,1),(323,'338','151','RING 1','KASIPALAM KAGA','2.5 GM','5000','24','2022-05-01',NULL,'1','2023-02-07 10:42:42',NULL,1),(324,'339','152','ARASALAI 1',NULL,'1.7 GM','5000','24','2020-08-12',NULL,'1','2023-02-07 10:44:00',NULL,1),(325,'340','45','KOLUSU 1 JODI, KODI 1',NULL,'90 GM','2500','24','2021-03-13',NULL,'1','2023-02-07 10:45:55',NULL,1),(326,'340','45','KOLUSU 1 JODI',NULL,'120 GM','3000','24','2021-09-12',NULL,'1','2023-02-07 10:46:32',NULL,1),(327,'341','45','KAMMAL 1 JODI',NULL,'4.2 GM','13000','24','2020-12-16',NULL,'1','2023-02-07 10:47:12',NULL,1),(328,'341','45','KAMMAL 1 JODI',NULL,'2 GM','6500','24','2022-12-14',NULL,'1','2023-02-07 10:47:46',NULL,1),(329,'346','153','MURUKU CHAIN 1 (80+OUCN)',NULL,'20 GM','50000','24','2021-08-12',NULL,'1','2023-02-07 10:50:06',NULL,1),(330,'347','154','KAMMAL MATTAL 1 JODI','AMMAN 765','4.1 GM','12500','24','2022-04-05',NULL,'1','2023-02-07 10:51:56',NULL,1),(333,'350','156','NO THING','364 PAGE',NULL,'0','24','2023-03-19',NULL,'2','2023-02-07 10:55:45','2023-03-19',1),(334,'351','156','RING',NULL,'3.9 GM','12000','24','2022-01-24',NULL,'1','2023-02-07 10:56:27',NULL,1),(335,'351','156','RING 2',NULL,'1.9 GM','7000','24','2021-01-01',NULL,'1','2023-02-07 10:57:04',NULL,1),(336,'352','156','UDAINTHA RING 1',NULL,'2.6 GM','6500','24','2019-11-21',NULL,'1','2023-02-07 10:57:42',NULL,1),(337,'352','156','KAL KAMMAL 1 JODI = 2.3 GM',NULL,'1.5 GM','0','24','2023-03-19',NULL,'2','2023-02-07 10:58:30','2023-03-19',1),(338,'353','156','KODI 1','RAMESH MULAM','52 GM','0','24','2023-03-19',NULL,'2','2023-02-07 10:59:07','2023-03-19',1),(339,'353','156','KAMMAL THONGATTAN 1 JODI',NULL,'4 GM','13000','24','2020-12-03',NULL,'1','2023-02-07 10:59:45',NULL,1),(340,'355','157','KAL KAMMAL 1 JODI = 4 GM','GANESAN KAGA','3 GM','7000','24','2021-12-25',NULL,'1','2023-02-07 11:40:37',NULL,1),(341,'355','157','KAMMAL 1 JODI','GANESAN KAGA','1.4 GM','0','24','2023-03-18',NULL,'2','2023-02-07 11:45:23','2023-03-18',1),(342,'356','157','RING 1, KAMMAL 1 JODI','GANESAN KAGA','1.65 DM','5000','24','2021-08-05',NULL,'1','2023-02-07 11:46:19',NULL,1),(344,'360','158','RING 1',NULL,'3.8 GM','10000','24','2022-04-01',NULL,'1','2023-02-07 11:48:36',NULL,1),(347,'363','159','RING 1',NULL,'3.5 GM','12000','24','2022-04-21',NULL,'1','2023-02-07 11:54:11',NULL,1),(348,'368','156','KAMMAL 1 JODI',NULL,'4.7 GM','15000','24','2021-02-06',NULL,'1','2023-02-07 11:55:45',NULL,1),(350,'370','161','RING 2','SUNDAR MULAM','7.7 GM','25000','24','2022-05-14',NULL,'1','2023-02-07 11:57:56',NULL,1),(351,'370','161','RING 1',NULL,'2 GM','6000','24','2022-11-21',NULL,'1','2023-02-07 11:58:27',NULL,1),(355,'373','53','KOLUSU 1 JODI',NULL,'80 GM','2000','24','2022-12-19',NULL,'1','2023-02-07 12:01:54',NULL,1),(357,'376','163','RING 1, KAMMAL1 JODI','AMMAN 779','4 GM','13000','24','2022-08-20',NULL,'1','2023-02-07 12:06:21',NULL,1),(358,'378','164','KOLUSU 2 JODI',NULL,'92 GM','2000','24','2022-06-29',NULL,'1','2023-02-07 12:07:54',NULL,1),(360,'379','106','MALAI 1',NULL,'40 GM','130000','24','2021-09-20',NULL,'1','2023-02-07 12:09:39',NULL,1),(361,'380','28','RING 1','AMALRAJ KAGA','3 GM','11000','24','2023-01-29',NULL,'1','2023-02-07 12:10:42',NULL,1),(363,'382','165','DOLLAR 1, THUNDU 1 = 4 GM',NULL,'3.7 GM','11000','24','2022-02-26',NULL,'1','2023-02-07 12:13:12',NULL,1),(370,'387','166','HEART DOLLAR 1',NULL,'1.4 GM','4000','24','2022-06-09',NULL,'1','2023-02-07 12:20:09',NULL,1),(372,'391','167','KAMMAL 1, ARUNTHA THONGATTAN 1',NULL,'1.4 GM','5000','24','2022-12-16',NULL,'1','2023-02-07 12:27:47',NULL,1),(373,'395','147','KAL KAMMAL 1 JODI = 2 GM',NULL,'1.6 GM','5500','24','2021-10-21',NULL,'1','2023-02-07 12:29:18',NULL,1),(374,'395','147','KOLUSUS 2, KODI 2, METTI',NULL,'230 GM','5000','24','2022-06-02',NULL,'1','2023-02-07 12:30:21',NULL,1),(375,'396','168','KAMMAL 1 JODI (1 SURAI ILLAI)',NULL,'1.3 GM','0','24','2023-04-20',NULL,'2','2023-02-07 12:32:08','2023-04-20',1),(376,'397','168','ARASALAI 1, RING 3',NULL,'6.9 GM','0','24','2023-04-20',NULL,'2','2023-02-07 12:32:59','2023-04-20',1),(380,'399','169','KODI 1, KOLUSU 2 JODI','443 PAGE','225 GM','5000','24','2022-03-15',NULL,'1','2023-02-07 12:36:31',NULL,1),(381,'400','169','KOLUSU 2 JODI = 130 GM, MUKUTHI  1= 1.2 GM','442 PAGE',NULL,'9000','24','2022-01-02',NULL,'1','2023-02-07 12:37:58',NULL,1),(382,'400','169','KOLUSU 1 JODI','441 PAGE','190 GM','0','24','2023-04-05',NULL,'2','2023-02-07 12:38:44','2023-04-05',1),(385,'402','170','KAMMAL 1 JODI',NULL,'3 GM','10000','24','2022-01-22',NULL,'1','2023-02-07 12:42:07',NULL,1),(387,'403','170','KAMMAL THONGATTAN 1 JODI',NULL,'2.3 GM','7000','24','2023-01-04',NULL,'1','2023-02-07 12:43:15',NULL,1),(389,'404','156','RING 1',NULL,'3 GM','10000','24','2021-11-01',NULL,'1','2023-02-07 12:45:21',NULL,1),(394,'409','173','KAMMAL 1 JODI (THIRUGANI ILLAI )','PAGE 431','2.4 GM','0','24','2023-07-09',NULL,'2','2023-02-07 12:54:24','2023-07-09',1),(398,'411','28','KODI 1',NULL,'122 GM','3000','24','2021-03-18',NULL,'1','2023-02-07 12:56:56',NULL,1),(399,'413','174','RING 1',NULL,'900 ML','3000','24','2022-11-17',NULL,'1','2023-02-07 12:59:56',NULL,1),(401,'414','174','RING 2',NULL,'4.5 GM','16000','24','2023-02-01',NULL,'1','2023-02-07 13:01:13',NULL,1),(402,'416','175','MATTAL 1 JODI',NULL,'2 GM','7000','24','2022-12-31',NULL,'1','2023-02-07 13:02:57',NULL,1),(403,'418','106','OM DOLLAR CHAIN 1',NULL,'18 GM','60000','24','2021-12-08',NULL,'1','2023-02-07 13:04:12',NULL,1),(404,'418','106','NECKLAS 1',NULL,'23.9 GM','76000','24','2022-05-18',NULL,'1','2023-02-07 13:05:06',NULL,1),(405,'419','106','CHAIN 1',NULL,'4 GM','0','24','2023-03-24',NULL,'2','2023-02-07 13:05:39','2023-03-24',1),(406,'419','106','RING 2',NULL,'3.8 GM','10000','24','2022-05-20',NULL,'1','2023-02-07 13:06:17',NULL,1),(407,'420','176','RING 2',NULL,'3.1 GM','6000','24','2022-01-07',NULL,'1','2023-02-07 13:08:21',NULL,1),(408,'420','176','KAL KAMMAL 1 JODI',NULL,'1.5 GM','3500','24','2022-08-01',NULL,'1','2023-02-07 13:09:35',NULL,1),(412,'423','178','KAMMAL 1 JODI',NULL,'2.6 GM','10000','24','2022-08-12',NULL,'1','2023-02-07 13:14:50',NULL,1),(415,'426','180','KODI  1','456 PAGE','123 GM','5000','24','2022-07-04',NULL,'1','2023-02-07 13:18:34',NULL,1),(416,'427','181','KAMMAL 1 JODI, MUKUTHI 1= 1.2 GM, KODI 80 GM',NULL,NULL,'6500','24','2022-08-08',NULL,'1','2023-02-07 13:21:00',NULL,1),(417,'428','182','RING 1 RM','AMMAN 785','4 GM','15000','24','2022-10-23',NULL,'1','2023-02-07 13:22:26',NULL,1),(419,'438','99','VALAYAM MATTAL 1 JODI',NULL,'6.3 GM','20000','24','2022-08-02',NULL,'1','2023-02-07 13:26:37',NULL,1),(420,'439','184','KAL KAMMAL 1 JODI = 3.5 GM',NULL,'2.3 GM','8000','24','2022-05-27',NULL,'1','2023-02-07 13:28:44',NULL,1),(421,'439','184','KODI 1',NULL,'175 GM','0','24','2023-04-27',NULL,'2','2023-02-07 13:29:20','2023-04-27',1),(422,'440','185','kammal 1 jodi, kammal jimiki 1 jodi',NULL,'6.2 gm','0','24','2023-06-25',NULL,'2','2023-02-07 13:31:09','2023-06-25',1),(423,'441','186','om dollar chain 1',NULL,'7 gm','23000','24','2022-04-27',NULL,'1','2023-02-07 13:32:24',NULL,1),(424,'441','186','ring 1',NULL,'1 gm','3000','24','2022-12-29',NULL,'1','2023-02-07 13:32:59',NULL,1),(425,'442','186','kal ring 1 = 2.9 gm',NULL,'2.5 gm','9000','24','2022-10-21',NULL,'1','2023-02-07 13:33:52',NULL,1),(426,'443','186','ring 1',NULL,'8 gm','28000','24','2022-11-09',NULL,'1','2023-02-07 13:34:25',NULL,1),(433,'453','143','KAMMAL 1 JODI',NULL,'1.6 GM','5000','24','2022-05-11',NULL,'1','2023-02-07 13:47:11',NULL,1),(436,'455','108','RING 1',NULL,'4 GM','12000','24','2023-04-20',NULL,'1','2023-02-07 13:50:55','2023-04-20',1),(439,'458','194','THEN KUDU KAMMAL 1 JODI',NULL,'3.9 GM','13999','24','2023-03-25',NULL,'1','2023-02-07 13:54:53','2023-03-25',1),(445,'466','197','kammal 1 jodi',NULL,'4.1 gm','15000','24','2022-06-20',NULL,'1','2023-02-07 17:07:22',NULL,1),(446,'466','197','ring 1, kammal 1 jodi',NULL,'2.2 gm','7000','24','2022-05-23',NULL,'1','2023-02-07 17:08:25',NULL,1),(449,'468','199','kal nelivu ring 1 =4.5 gm',NULL,'3.5 gm','10000','24','2023-02-04',NULL,'1','2023-02-07 17:12:46',NULL,1),(450,'470','200','ilai kammal 1 jodi = 2.4 gm',NULL,'1.6 gm','5500','24','2022-08-27',NULL,'1','2023-02-07 17:14:29',NULL,1),(452,'471','53','kammal 1 jodi',NULL,'2 gm','7000','24','2023-01-03',NULL,'1','2023-02-07 17:16:40',NULL,1),(453,'474','148','ring 1','507 page','2 gm','8500','24','2022-10-01',NULL,'1','2023-02-07 17:18:23',NULL,1),(454,'475','201','RING 1',NULL,'900 ML','3000','24','2022-07-21',NULL,'1','2023-02-07 17:19:48',NULL,1),(455,'475','201','KOLUSU',NULL,'86 GM','2000','24','2022-07-21',NULL,'1','2023-02-07 17:20:26',NULL,1),(464,'484','208','RING 1','516 PAGE','1 GM','0','24','2023-04-01',NULL,'2','2023-02-07 17:32:59','2023-04-01',1),(470,'492','212','KAMMAL JIMIKI 1 JODI','524 PAGE','4 GM','14000','24','2022-09-28',NULL,'1','2023-02-07 17:40:15',NULL,1),(471,'493','213','RING 1','525 PAGE','5.8 GM','15000','24','2023-04-05',NULL,'1','2023-02-07 17:41:40','2023-04-05',1),(472,'493','213','KODI 1',NULL,'75 GM','1500','24','2022-01-04',NULL,'1','2023-02-07 17:42:05',NULL,1),(473,'494','214','CHAIN 1','525 PAGE','7.7 GM','22000','24','2022-10-06',NULL,'1','2023-02-07 17:43:57',NULL,1),(475,'501','66','RING 1',NULL,'2 GM','7000','24','2022-10-25',NULL,'1','2023-02-07 17:46:57',NULL,1),(476,'502','106','RING 1','529 PAGE','1.5 GM','5000','24','2022-10-25',NULL,'1','2023-02-07 17:47:51',NULL,1),(477,'502','106','RING 1 PP',NULL,'2.9 GM','0','24','2023-03-24',NULL,'2','2023-02-07 17:48:34','2023-03-24',1),(478,'504','216','CHAIN 1',NULL,'10 GM','20000','24','2023-04-27',NULL,'1','2023-02-07 17:49:53','2023-04-27',1),(479,'505','217','VALAYAM 1 JODI','DAYANA SATHISH','3.65 GM','11101','24','2023-04-22',NULL,'1','2023-02-07 17:51:19','2023-04-22',1),(481,'508','218','RING 1',NULL,'3 GM','6000','24','2022-10-26',NULL,'1','2023-02-07 17:53:37',NULL,1),(482,'509','219','KAL KAMMAL 1 JODI =5.37 GM',NULL,'4 GM','11000','24','2022-10-26',NULL,'1','2023-02-07 17:54:54',NULL,1),(483,'510','220','KAL THONGATTAN 1 JODI = 4.7 GM',NULL,'3.5 GM','0','24','2023-04-01',NULL,'2','2023-02-07 17:56:38','2023-04-01',1),(484,'511','221','RING 1',NULL,'3 GM','0','24','2023-04-13',NULL,'2','2023-02-07 17:57:53','2023-04-13',1),(489,'514','223','KAMMAL 3 JODI (1 THIRUGANI ILLAI )',NULL,'4.2 GM','15000','24','2022-10-31',NULL,'1','2023-02-07 18:02:46',NULL,1),(490,'515','224','KODI1',NULL,'240 GM','0','24','2023-03-17',NULL,'2','2023-02-07 18:03:52','2023-03-17',1),(491,'516','98','KAMMAL 1 JODI',NULL,'2.4 GM','0','24','2023-05-14',NULL,'2','2023-02-07 18:05:04','2023-05-14',1),(497,'525','3','KAMMAL 1 JODI',NULL,'1.97 GM','7000','24','2022-11-11',NULL,'1','2023-02-07 18:12:07',NULL,1),(498,'525','3','KOLUSU 1 JODI',NULL,'155 GM','3000','24','2022-11-11',NULL,'1','2023-02-07 18:12:46',NULL,1),(499,'526','227','RING 1',NULL,'2.4 GM','6500','24','2022-11-12',NULL,'1','2023-02-07 18:13:52',NULL,1),(502,'532','228','KODI 1',NULL,'120 GM','3500','24','2022-11-12',NULL,'1','2023-02-07 18:17:11',NULL,1),(503,'533','61','KAMMAL 1 JODI, MATTAL 1 JODI','MAGAL MULAM','4.7 GM','0','24','2023-05-14',NULL,'2','2023-02-07 18:21:12','2023-05-14',1),(504,'535','229','KAMMAL 1 JODI = 800 ML, KOLUSU 1 =50 GM',NULL,NULL,'3500','24','2022-11-19',NULL,'1','2023-02-07 18:22:49',NULL,1),(505,'537','230','RING 1',NULL,'1.6 GM','0','24','2023-04-01',NULL,'2','2023-02-07 18:24:35','2023-04-01',1),(506,'538','231','KAMMAL 1 JODI',NULL,'1.2 GM','0','24','2023-04-05',NULL,'2','2023-02-07 18:26:00','2023-04-05',1),(507,'541','169','RING 1',NULL,'2.2 GM','7000','24','2022-11-24',NULL,'1','2023-02-07 18:27:22',NULL,1),(508,'541','169','KOLUSU 1 JODI',NULL,'130 GM','3000','24','2023-01-30',NULL,'1','2023-02-07 18:27:57',NULL,1),(509,'543','3','RING 1 = 500 ML, KODI = 52 GM',NULL,NULL,'2500','24','2022-12-05',NULL,'1','2023-02-07 18:29:13',NULL,1),(510,'545','232','RING 1',NULL,'5 GM','0','24','2023-06-25',NULL,'2','2023-02-07 18:31:40','2023-06-25',1),(511,'546','233','KAMMAL 1 JODI',NULL,'2.9 GM','10000','24','2022-12-01',NULL,'1','2023-02-07 19:15:46',NULL,1),(512,'547','234','KAMMAL JIMIKI 1 JODI',NULL,'3 GM','10000','24','2022-12-05',NULL,'1','2023-02-07 19:17:03',NULL,1),(514,'549','236','RING 1',NULL,'2 GM','3000','24','2022-12-03',NULL,'1','2023-02-07 19:19:19',NULL,1),(516,'552','238','STAR KAMMAL 1 JODI = 1.3 GM','SABITHA VU KAGA','1 GM','3500','24','2022-12-12',NULL,'1','2023-02-07 19:22:53',NULL,1),(517,'555','239','KAMMAL MATTAL 1 JODI','AMMAN 790','7.5 GM','0','24','2023-06-17',NULL,'2','2023-02-07 19:25:18','2023-06-17',1),(519,'558','241','RING 1, KAMMAL 1 JODI',NULL,'3.75 GM','12000','24','2023-04-20',NULL,'1','2023-02-07 19:29:06','2023-04-20',1),(520,'561','242','CHAIN 1',NULL,'18.5 GM','0','24','2023-03-19',NULL,'2','2023-02-07 19:31:34','2023-03-19',1),(521,'562','243','RING 1 PT',NULL,'4 GM','0','24','2023-03-19',NULL,'2','2023-02-07 19:37:10','2023-03-19',1),(522,'562','243','RING 1',NULL,'1.6 GM','2500','24','2023-01-30',NULL,'1','2023-02-07 19:38:35',NULL,1),(523,'564','244','MEEN DOLLAR CHAIN 1',NULL,'10 GM','0','24','2023-02-25',NULL,'2','2023-02-07 19:40:19','2023-02-25',1),(525,'565','192','KAMMAL THONGATTAN 1 JODI',NULL,'4 GM','15000','24','2022-12-26',NULL,'1','2023-02-07 19:41:55',NULL,1),(526,'566','176','MATTAL 1 JODI',NULL,'1.95 GM','7500','24','2022-12-23',NULL,'1','2023-02-07 19:43:10',NULL,1),(527,'568','245','RING 1',NULL,'3 GM','0','24','2023-03-17',NULL,'2','2023-02-07 19:44:17','2023-03-17',1),(528,'568','245','KAL KAMMAL 1 JODI = 4.7 GM',NULL,'3.5 GM','0','24','2023-03-17',NULL,'2','2023-02-07 19:45:08','2023-03-17',1),(530,'570','247','KAL RING 1 , KAMMAL 1 JODI = 4.3 GM',NULL,'3 GM','10000','24','2022-12-30',NULL,'1','2023-02-07 19:48:25',NULL,1),(532,'572','37','RING 1',NULL,'1.2 GM','4000','24','2023-01-02',NULL,'1','2023-02-07 19:51:13',NULL,1),(534,'576','250','RING 1 AK',NULL,'4.3 GM','0','24','2023-07-02',NULL,'2','2023-02-07 19:54:14','2023-07-02',1),(535,'580','251','RING 3 (1 UDAINTHATHU)',NULL,'5.8 GM','21000','24','2023-01-09',NULL,'1','2023-02-07 19:55:50',NULL,1),(536,'581','252','KAMMAL 1 JODI',NULL,'2 GM','7000','24','2023-01-09',NULL,'1','2023-02-07 19:57:20',NULL,1),(537,'582','253','RING 2',NULL,'4 GM','0','24','2023-05-28',NULL,'2','2023-02-07 19:58:50','2023-05-28',1),(538,'583','254','KAMMAL 1 JODI, MATTAL 1 JODI',NULL,'3 GM','0','24','2023-03-21',NULL,'2','2023-02-07 20:01:14','2023-03-21',1),(539,'585','255','KAL KAMMAL 1 JODI = 3.5 GM',NULL,'2.7 GM','0','24','2023-05-03',NULL,'2','2023-02-07 20:02:36','2023-05-03',1),(540,'586','256','RING 1',NULL,'2.3 GM','3000','24','2023-01-12',NULL,'1','2023-02-07 20:03:48',NULL,1),(542,'588','257','KAMMAL 1 JODI',NULL,'1.3 GM','0','24','2023-06-11',NULL,'2','2023-02-07 20:06:25','2023-06-11',1),(543,'590','259','KAMMAL 1 JODI',NULL,'4.25 GM','12500','24','2023-01-18',NULL,'1','2023-02-07 20:08:15',NULL,1),(544,'592','261','RING 1',NULL,'2 GM','7000','24','2023-01-20',NULL,'1','2023-02-07 20:10:35',NULL,1),(545,'592','261','RING  3',NULL,'2.1 GM','5000','24','2023-02-02',NULL,'1','2023-02-07 20:11:14',NULL,1),(549,'597','87','RING 2',NULL,'5 GM','0','24','2023-04-16',NULL,'2','2023-02-07 20:15:09','2023-04-16',1),(550,'600','264','KAI CHAIN 1  JODI','SUNDAR MULAM','7.7 GM','30000','24','2023-01-27',NULL,'1','2023-02-07 20:17:17',NULL,1),(551,'601','265','KAMMAL 1 JODI',NULL,'2.9 GM','1000','24','2023-01-28',NULL,'1','2023-02-07 20:18:23',NULL,1),(552,'602','266','KAMMAL 1 JODI, COIN 1',NULL,'1.7 GM','6000','24','2023-01-30',NULL,'1','2023-02-07 20:19:40',NULL,1),(553,'603','267','RING 4',NULL,'2 GM','0','24','2023-04-13',NULL,'2','2023-02-07 20:20:52','2023-04-13',1),(554,'603','267','CHAIN 1',NULL,'8.8 GM','0','24','2023-04-13',NULL,'2','2023-02-07 20:21:25','2023-04-13',1),(558,'607','270','RING  1, KAI CHAIN 1, KAMMAL1',NULL,'6.5 GM','23000','24','2023-02-05',NULL,'1','2023-02-07 20:27:34',NULL,1),(559,'388','66','KAMMAL 1 JODI',NULL,'2','6000','24','2021-10-24',NULL,'1','2023-02-08 08:43:48',NULL,1),(560,'544','271','KAL RING 1 =1.6 GR',NULL,'1.1 GM','3000','24','2022-11-26',NULL,'1','2023-02-08 08:47:56',NULL,1),(566,'47','28','KOLUSU 1 JODI',NULL,'56 GM','1000','24','2021-07-18',NULL,'1','2023-02-08 18:36:05',NULL,1),(567,'53','31','RING 1',NULL,'1 GM','3000','24','2022-05-22',NULL,'1','2023-02-08 18:37:52',NULL,1),(570,'75','43','KOLUSU 1 JODU',NULL,'43 GM','1000','24','2022-04-04',NULL,'1','2023-02-08 18:44:16',NULL,1),(572,'215','105','KAMMAL 1 JODI','PRABA VU KAGA','1.3 GM','4000','24','2022-09-04',NULL,'1','2023-02-08 18:53:21',NULL,1),(573,'248','118','RING 1',NULL,'1 GM','5000','24','2023-01-23',NULL,'1','2023-02-08 18:56:06',NULL,1),(574,'264','124','KAMMAL 1 JODI',NULL,'2 GM','7000','24','2022-09-14',NULL,'1','2023-02-08 18:57:23',NULL,1),(576,'372','53','RING 1',NULL,'1.2 GM','4200','24','2022-10-08',NULL,'1','2023-02-08 19:05:52',NULL,1),(578,'611','276','KAL  KAMMAL THONGATTAN 1 JODI','TOTAL WEIGT 5.5GRM SONE FREE 4GRM','4','0','24','2023-05-28',NULL,'2','2023-02-09 09:05:21','2023-05-28',1),(580,'380','28','KAMMAL THONGATTAN 1 JODI',NULL,'2.37','8000','24','2023-02-08',NULL,'1','2023-02-09 09:14:09',NULL,1),(585,'543a','3','Bracelet',NULL,'3 GM','11000','24','0203-02-10',NULL,'1','2023-02-11 09:15:22',NULL,1),(588,'614','281','RING 1','damaged ring','0.5 gr','2000','24','2023-02-10',NULL,'1','2023-02-11 09:24:28',NULL,1),(591,'462','283','POOKKOODAI I JODI',NULL,'4.4 GM','3000','24','2023-02-11',NULL,'1','2023-02-12 09:42:48',NULL,1),(596,'564','244','RING 1,chain1',NULL,'5.150','0','24','2023-04-06',NULL,'2','2023-02-25 09:02:26','2023-04-06',1),(598,'86b','46','CHAIN 1',NULL,'9','0','24','2023-04-07',NULL,'2','2023-02-25 09:07:09','2023-04-07',1),(600,'131A','285','CHAIN 1',NULL,'10','0','24','2023-03-26',NULL,'2','2023-03-13 18:59:15','2023-03-26',1),(601,'285','286','KAMMAL THONGATTAN 1 JODI',NULL,'40170','10000','24','2023-02-25',NULL,'1','2023-03-16 10:33:57',NULL,1),(603,'626','287','RING 2',NULL,'2.4 GM','0','24','2023-09-03',NULL,'2','2023-03-16 10:37:33','2023-09-03',1),(604,'97','50','RING 2',NULL,'2 GM','7000','24','2023-02-27',NULL,'1','2023-03-16 10:38:33',NULL,1),(605,'627','288','BANGLE',NULL,'9.8 GR','0','24','2023-04-28',NULL,'2','2023-03-16 10:44:56','2023-04-28',1),(607,'628','289','KAMMAL 1 JODI',NULL,'1 GM','2000','24','2023-02-28',NULL,'1','2023-03-16 10:48:43',NULL,1),(608,'132b','68','MATTAL 1 JODI, RING 1',NULL,'3.8 GM','13000','24','2023-02-27',NULL,'1','2023-03-16 10:50:13',NULL,1),(611,'83','290','KAL KAMMAL 1 JODI','NET 5.7','4 GR','8000','24','2023-03-01',NULL,'1','2023-03-16 10:55:43',NULL,1),(612,'169A','89','RING 2 BRACELET 1',NULL,'4.8 GM','15000','24','2023-02-20',NULL,'1','2023-03-16 11:01:50',NULL,1),(613,'169B','89','RING 2',NULL,'3 GM','10000','24','2023-03-01',NULL,'1','2023-03-16 11:02:26',NULL,1),(615,'630','292','MALAI 1',NULL,'39.5','150000','24','2023-03-02',NULL,'1','2023-03-16 11:10:28',NULL,1),(616,'631','293','KAMMAL 1 JODI',NULL,'2.8','10000','24','2023-03-02',NULL,'1','2023-03-17 10:51:33',NULL,1),(617,'180','294','OM DOLLAR CHAIN 1',NULL,'16.9','0','24','2023-05-06',NULL,'2','2023-03-17 10:55:43','2023-05-06',1),(622,'344A','295','RING 2',NULL,'4.3','15000','24','2023-03-04',NULL,'1','2023-03-17 11:09:18',NULL,1),(623,'13A','296','OM DOLLAR CHAIN 1',NULL,'25','100000','24','2023-03-05',NULL,'1','2023-03-17 11:10:50',NULL,1),(625,'620 B','297','KAMMAL JIMIKI 1 JODI',NULL,'2.1 GM','6067','24','2023-03-24',NULL,'1','2023-03-17 11:13:52','2023-03-24',1),(629,'326','299','RING 1',NULL,'1 GM','2000','24','2023-03-06',NULL,'1','2023-03-17 11:26:11',NULL,1),(630,'632','300','RING 1',NULL,'4 GM','0','24','2023-06-08',NULL,'2','2023-03-17 11:28:30','2023-06-08',1),(631,'277 A','128',NULL,NULL,NULL,'5000','24','2023-03-07',NULL,'1','2023-03-17 11:30:25',NULL,1),(632,'628 A','301','KAMMAL 1 JODI',NULL,'1 GM','2000','24','2023-02-28',NULL,'1','2023-03-17 11:33:40',NULL,1),(633,'628 B','301','KAMMAL 1 JODI SILVER KODI','SIVER 65 GR','1.1 GM','5000','24','2023-03-07',NULL,'1','2023-03-17 11:34:28',NULL,1),(634,'187','95','KAMMAL 1 JODI',NULL,'2.9 GM','0','24','2023-04-13',NULL,'2','2023-03-18 10:38:06','2023-04-13',1),(635,'617','302','KAMMAL JIMIKI 1 JODI',NULL,'2.9 GM','10500','24','2023-03-07',NULL,'1','2023-03-18 10:40:27',NULL,1),(637,'462','283',NULL,NULL,NULL,'3000','24','2023-03-08',NULL,'1','2023-03-18 10:44:36',NULL,1),(639,'27','303','RING 1',NULL,'1.5 GM','6000','24','2023-03-08',NULL,'1','2023-03-18 11:03:50',NULL,1),(640,'44','304','CHAIN 1',NULL,'7 GM','25000','24','2023-03-08',NULL,'1','2023-03-18 11:05:27',NULL,1),(647,'133','68','MURUKU CHAIN 1',NULL,'16 GM','60000','24','2023-03-10',NULL,'1','2023-03-18 11:33:20',NULL,1),(650,'146','308','RING 1',NULL,'2.9 GM','0','24','2023-03-28',NULL,'2','2023-03-18 11:41:21','2023-03-28',1),(651,'105 A','55','KAMMAL 1 JODI',NULL,'1.9 GM','5000','24','2023-03-12',NULL,'1','2023-03-18 11:42:45',NULL,1),(652,'82','309','RING 1',NULL,'3 GM','0','24','2023-04-20',NULL,'2','2023-03-18 11:47:02','2023-04-20',1),(653,'590','259',NULL,NULL,NULL,'3000','24','2023-03-18',NULL,'1','2023-03-18 20:45:16',NULL,1),(656,'272','133','TITANIC KAMMAL 1 JODI',NULL,'2 .4 GR','7000','24','2023-03-12','',NULL,'2023-03-19 11:31:16','2023-06-11',1),(659,'633','311','RING 1',NULL,'3 GM','10000','24','2023-03-13',NULL,'1','2023-03-19 11:52:10',NULL,1),(660,'468','199',NULL,NULL,NULL,'1000','24','2023-03-13',NULL,'1','2023-03-19 11:53:19',NULL,1),(665,'530','191','RING 1',NULL,'4.5 GM','19000','24','2023-03-18',NULL,'1','2023-03-19 12:00:21',NULL,1),(666,'525','313','RING 2',NULL,'2.1 GM','7000','24','2023-03-14',NULL,'1','2023-03-19 12:03:00',NULL,1),(673,'512','222','SILVER KODI 1',NULL,'80 GM','2000','24','2023-03-16',NULL,'1','2023-03-19 12:32:15',NULL,1),(677,'222','107','CHAIN 1',NULL,'6 GM','22000','24','2023-03-16',NULL,'1','2023-03-19 12:36:19',NULL,1),(682,'634','316','VALAYAL 1',NULL,'8 GM','15000','24','2023-03-18',NULL,'1','2023-03-19 12:59:55',NULL,1),(684,'352','156','KAL KAMMAL 2 JODI',NULL,'3.6GR NET 2.5GR','9000','24','2023-03-19',NULL,'1','2023-03-19 20:12:04',NULL,1),(688,'34','24','KAMMAL THONGATTAN 1 JODI',NULL,'2.9 GM','0','24','2023-05-14',NULL,'2','2023-03-20 12:40:59','2023-05-14',1),(689,'34','24',NULL,NULL,NULL,'0','24','2023-05-14',NULL,'2','2023-03-20 12:41:43','2023-05-14',1),(694,'37 B','25','MATTAL 1 JODI',NULL,'9000',NULL,'24','2020-10-31',NULL,'1','2023-03-20 13:25:12',NULL,1),(695,'37 B','25',NULL,NULL,'1000',NULL,'24','2021-12-15',NULL,'1','2023-03-20 13:25:39',NULL,1),(697,'44','304',NULL,'VASANTHA PATRU',NULL,'5000','24',NULL,NULL,'1','2023-03-20 13:29:43',NULL,1),(698,'46 A','28','KAMMAL 1 JODI',NULL,'2.2 GM','6000','24','2020-06-18',NULL,'1','2023-03-20 13:31:42',NULL,1),(702,'87 A','317','KAMMAL 1 JODI',NULL,'3.1 GM','8000','24','2021-05-03',NULL,'1','2023-03-20 13:38:07',NULL,1),(703,'87 A','317',NULL,NULL,NULL,'2000','24','2022-10-09',NULL,'1','2023-03-20 13:38:32',NULL,1),(704,'87 B','317','RING 1',NULL,'1.5 GM','2000','24','2021-06-11',NULL,'1','2023-03-20 13:39:06',NULL,1),(705,'87 B','317',NULL,NULL,NULL,'2000','24','2022-10-11',NULL,'1','2023-03-20 13:39:30',NULL,1),(708,'103 B','54','KAMMAL 1 JODI',NULL,'2 GM','3000','24','2016-08-16',NULL,'1','2023-03-20 13:44:43',NULL,1),(709,'103 B','54',NULL,NULL,NULL,'2000','24','2022-10-26',NULL,'1','2023-03-20 13:46:08',NULL,1),(710,'114 B','61','KAL RING 1=  2.7 GM','VALAYAL KADAI','2 GM','3000','24','2021-09-23',NULL,'1','2023-03-20 13:50:19',NULL,1),(712,'114 B','61',NULL,NULL,NULL,'3000','24','2021-12-25',NULL,'1','2023-03-20 13:52:08',NULL,1),(713,'123 A','65','MURUKU CHAIN 1',NULL,'23.9 GM','40000','24','2019-05-20',NULL,'1','2023-03-20 13:55:21',NULL,1),(714,'123 A','65',NULL,NULL,NULL,'10000','24','2019-05-24',NULL,'1','2023-03-20 13:55:51',NULL,1),(715,'126 B','66','JIMIKI 1 JODI',NULL,'4 GM','9000','24','2021-10-03',NULL,'1','2023-03-20 13:57:20',NULL,1),(716,'126 B','66',NULL,NULL,NULL,'4000','24','2022-10-13',NULL,'1','2023-03-20 13:57:40',NULL,1),(717,'137 A','318','KAMMAL 2 JODI','AMMAN CARD','4.8 GM','10000','24','2022-06-19',NULL,'1','2023-03-20 14:02:20',NULL,1),(718,'137 A','318',NULL,'AMMAN CARD',NULL,'6000','24','2022-10-16',NULL,'1','2023-03-20 14:02:44',NULL,1),(719,'159 A','84','KAL KAMMAL 1 JODI = 5 GM',NULL,'3.5 GM','10000','24','2021-06-09',NULL,'1','2023-03-20 14:06:35',NULL,1),(720,'159 A','84',NULL,NULL,NULL,'3000','24','2022-11-26',NULL,'1','2023-03-20 14:07:00',NULL,1),(721,'163 B','212','VALAYAM 1',NULL,'3 GM','0','24','2023-04-27',NULL,'2','2023-03-20 14:10:09','2023-04-27',1),(722,'164 A','212','RING 2',NULL,'2 GM','6000','24','2022-03-02',NULL,'1','2023-03-20 14:10:50',NULL,1),(723,'165 A','212','RING 1',NULL,'2.6 GM','5000','24','2021-10-31',NULL,'1','2023-03-20 14:11:37',NULL,1),(724,'165 A','212',NULL,NULL,NULL,'5000','24','2021-11-21',NULL,'1','2023-03-20 14:11:56',NULL,1),(725,'167 A','88','KAL NELIVU RING 1 =5 GM',NULL,'3.5 GM','10000','24','2021-08-05',NULL,'1','2023-03-20 14:14:01',NULL,1),(726,'167 A','88',NULL,NULL,NULL,'3000','24','2021-10-01',NULL,'1','2023-03-20 14:14:20',NULL,1),(727,'188 A','307','VALAYAM 1 JODI',NULL,'2 GM','4000','24','2020-12-10',NULL,'1','2023-03-20 14:18:48',NULL,1),(729,'188 A','307',NULL,NULL,NULL,'1700','24','2022-10-01',NULL,'1','2023-03-20 14:19:39',NULL,1),(733,'191 A','319','CHAIN 1','AMMAN 781','24 GM','75000','24','2022-09-25',NULL,'1','2023-03-20 14:24:07',NULL,1),(734,'191 A','319',NULL,NULL,NULL,'15000','24','2022-10-25',NULL,'1','2023-03-20 14:24:27',NULL,1),(735,'197 A','98','ILAI KAMMAL 1 JODI = 3.8 GM',NULL,'2 GM','0','24','2023-05-14',NULL,'2','2023-03-20 14:26:25','2023-05-14',1),(736,'197 A','98',NULL,NULL,NULL,'0','24','2023-05-14',NULL,'2','2023-03-20 14:27:23','2023-05-14',1),(739,'240 B','320','RING 1',NULL,'24 GM','80000','24','2022-11-20',NULL,'1','2023-03-20 14:42:07',NULL,1),(740,'240 B','320',NULL,'SON VATTI PAAKKI',NULL,'1400','24','2023-01-28',NULL,'1','2023-03-20 14:42:45',NULL,1),(741,'262 A','321','KAMML THONGATTAN 1 JODI',NULL,'4 GM','10000','24','2021-03-03',NULL,'1','2023-03-20 14:45:49',NULL,1),(742,'262 A','321',NULL,NULL,NULL,'3000','24','2022-10-23',NULL,'1','2023-03-20 14:46:07',NULL,1),(743,'266 A','125','CHAIN 1',NULL,'16 GM','40000','24','2020-11-16',NULL,'1','2023-03-20 14:47:35',NULL,1),(745,'267 B','125','RING 1',NULL,'8 GM','17000','24','2020-08-28',NULL,'1','2023-03-20 14:48:45',NULL,1),(746,'267 B','125',NULL,NULL,NULL,'10000','24','2022-01-27',NULL,'1','2023-03-20 14:49:14',NULL,1),(747,'273 A','290','KODI 2','MOGAN KAGA','150 GM','3500','24','2021-07-08',NULL,'1','2023-03-20 14:51:04',NULL,1),(748,'276 B','128','THALI KAMMAL 1 JODI',NULL,'3.3 GM','12000','24','2023-02-08',NULL,'1','2023-03-20 14:56:10',NULL,1),(749,'279 A','128','RING 3',NULL,'10 GM','35000','24','2022-08-01',NULL,'1','2023-03-20 14:57:15',NULL,1),(750,'279 A','128',NULL,NULL,NULL,'5000','24','2022-10-13',NULL,'1','2023-03-20 14:57:37',NULL,1),(752,'294 A','134','THONGATTAN 1 JODI',NULL,'3 GM','7000','24','2021-10-05',NULL,'1','2023-03-20 15:01:07',NULL,1),(753,'294 A','134',NULL,NULL,NULL,'5000','24','2022-10-07',NULL,'1','2023-03-20 15:01:29',NULL,1),(754,'298 A','136','RING 1',NULL,'800 ML','2000','24','2022-07-30',NULL,'1','2023-03-20 15:02:49',NULL,1),(755,'298 A','136',NULL,NULL,NULL,'1000','24','2022-11-03',NULL,'1','2023-03-20 15:03:23',NULL,1),(756,'305 A','323','KAL RING 1 = 3.2 GM',NULL,'2.5 GM','6000','24','2020-11-12',NULL,'1','2023-03-20 15:56:44','2020-11-12',1),(757,'305 A','323',NULL,NULL,NULL,'2000','24','2022-10-05',NULL,'1','2023-03-20 15:57:18',NULL,1),(764,'325 B','324','KAMMAL THONGATTAN',NULL,'3.2 GM','3000','24','2022-05-20',NULL,'1','2023-03-20 16:07:30',NULL,1),(765,'325 B','324',NULL,NULL,NULL,'7000','24','2022-06-13',NULL,'1','2023-03-20 16:07:51',NULL,1),(768,'354 B','157','CHAIN 1',NULL,'4.5 GM','8000','24','2022-10-17',NULL,'1','2023-03-20 16:12:09',NULL,1),(769,'354 B','157',NULL,NULL,NULL,'5249','24','2023-06-17',NULL,'1','2023-03-20 16:12:38','2023-06-17',1),(770,'375 A','325','MURUKU CHAIN 1',NULL,'36 GM','30000','24','2022-02-17',NULL,'1','2023-03-20 16:15:03',NULL,1),(771,'375 A','325',NULL,NULL,NULL,'10000','24','2022-02-24',NULL,'1','2023-03-20 16:15:29',NULL,1),(772,'375 A','325',NULL,NULL,NULL,'20000','24','2022-11-23',NULL,'1','2023-03-20 16:15:53',NULL,1),(773,'375 A','325',NULL,NULL,NULL,'50000','24','2023-02-26',NULL,'1','2023-03-20 16:16:16',NULL,1),(774,'393 A','326','KAMMAL 1 JODI',NULL,'1 GM','2500','24','2021-11-08',NULL,'1','2023-03-20 16:19:28',NULL,1),(775,'393 A','326',NULL,NULL,NULL,'1000','24','2022-10-16',NULL,'1','2023-03-20 16:19:47',NULL,1),(776,'413 B','174',NULL,NULL,NULL,'3000','24','2023-03-13',NULL,'1','2023-03-20 16:21:46',NULL,1),(777,'413 B','174','CHAIN 1',NULL,'10 GM','32000','24','2023-02-02',NULL,'1','2023-03-20 16:22:53',NULL,1),(778,'416 A','175','RING 1 G.P',NULL,'3.6 GM','13000','24','2022-11-11',NULL,'1','2023-03-20 16:24:57',NULL,1),(779,'416 A','175',NULL,NULL,NULL,'500','24','2022-11-18',NULL,'1','2023-03-20 16:25:16',NULL,1),(782,'452 A','191','KAMMAL THONGATTAN 1 JODI',NULL,'4 GM','7000','24','2023-01-14',NULL,'1','2023-03-20 16:31:26',NULL,1),(783,'452 A','191',NULL,NULL,NULL,'7000','24','2023-01-07',NULL,'1','2023-03-20 16:31:46',NULL,1),(787,'473 A','328','RING 1',NULL,'4 GM','2097','24','2023-06-17',NULL,'1','2023-03-20 16:37:24','2023-06-17',1),(788,'473 A','328',NULL,NULL,NULL,'0','24','2023-06-17',NULL,'2','2023-03-20 16:37:44','2023-06-17',1),(789,'474 B','148','KAL KAMMAL 1 JODI = 9.7 GM',NULL,'8 GM','10000','24','2022-08-01',NULL,'1','2023-03-20 16:39:23',NULL,1),(790,'474 B','148',NULL,NULL,NULL,'12000','24','2022-08-10',NULL,'1','2023-03-20 16:39:50',NULL,1),(791,'474 B','148',NULL,NULL,NULL,'6000','24','2022-10-16',NULL,'1','2023-03-20 16:40:11',NULL,1),(792,'478 A','329','RING 1 TS',NULL,'3.8 GM','0','24','2023-03-29',NULL,'2','2023-03-20 16:42:16','2023-03-29',1),(793,'478 A','329',NULL,NULL,NULL,'0','24','2023-03-29',NULL,'2','2023-03-20 16:42:37','2023-03-29',1),(794,'487 A','210','KAMMAL 1 JODI',NULL,'3 GM','5500','24','2022-09-12',NULL,'1','2023-03-20 16:44:23',NULL,1),(795,'487 A','210',NULL,NULL,NULL,'3000','24','2022-09-14',NULL,'1','2023-03-20 16:44:45',NULL,1),(796,'496 A','330','KAMMAL 1 JODI',NULL,'4.2 GM','12000','24','2022-10-08',NULL,'1','2023-03-20 16:46:57',NULL,1),(797,'496 A','330',NULL,NULL,NULL,'2000','24','2022-10-10',NULL,'1','2023-03-20 16:47:17',NULL,1),(806,'593 A','331','MATTAL 1 JODI',NULL,'3 GM','4000','24','2023-01-22',NULL,'1','2023-03-20 16:59:14',NULL,1),(807,'593 A','331',NULL,NULL,NULL,'2000','24','2023-01-24',NULL,'1','2023-03-20 16:59:32',NULL,1),(809,'509','219',NULL,NULL,NULL,'3000','24','2023-03-20',NULL,'1','2023-03-21 10:27:11',NULL,1),(810,'51','30','KAMMAL 1 JODI',NULL,'1.5 GM','4500','24','2023-03-20',NULL,'1','2023-03-21 10:46:08',NULL,1),(812,'583','254','MATTAL 1 JODI',NULL,'2 GM','3000','24','2023-03-21',NULL,'1','2023-03-21 11:06:08',NULL,1),(813,'170 A','89','KAMMAL JIMIKI 1 JODI',NULL,'3.2 GM','10000','24','2023-03-21',NULL,'1','2023-03-21 11:09:33',NULL,1),(814,'119','333','CHAIN 1',NULL,'17.8 GR','40034','24','2023-09-03',NULL,'1','2023-03-21 11:55:56','2023-09-03',1),(821,'46 A','28',NULL,NULL,NULL,'1000','24','2020-12-03',NULL,'1','2023-03-22 14:04:01',NULL,1),(823,'76 A','334','RING 1',NULL,'4.3 GM','4000','24','2021-06-08',NULL,'1','2023-03-22 14:08:15',NULL,1),(826,'76 A','334',NULL,NULL,NULL,'3000','24','2021-09-02',NULL,'1','2023-03-22 14:11:54',NULL,1),(827,'76 A','334',NULL,NULL,NULL,'2000','24','2021-10-02',NULL,'1','2023-03-22 14:12:17',NULL,1),(828,'76 A','334',NULL,NULL,NULL,'2000','24','2021-10-14',NULL,'1','2023-03-22 14:13:00',NULL,1),(830,'100 B','53','VALAYAM 1 JODI',NULL,'4 GM','10000','24','2022-02-09',NULL,'1','2023-03-22 14:17:51',NULL,1),(831,'100 B','53',NULL,NULL,NULL,'3000','24','2022-06-19',NULL,'1','2023-03-22 14:18:18',NULL,1),(832,'102 A','53','DOLLAR 1, KAMMAL 1 JODI',NULL,'2.8 GM','4000','24','2015-02-12','',NULL,'2023-03-22 14:20:14','2023-05-19',1),(833,'102 A','53',NULL,NULL,NULL,'1000','24','2017-08-09',NULL,'1','2023-03-22 14:20:39',NULL,1),(834,'102 A','53',NULL,NULL,NULL,'2000','24','2020-06-18',NULL,'1','2023-03-22 14:21:15',NULL,1),(835,'138 A','73','RING 2',NULL,'4.1 gm','12000','24','2020-10-08',NULL,'1','2023-03-22 14:25:13',NULL,1),(836,'138 a','73',NULL,'by sudalai son',NULL,'1000','24','2020-10-19',NULL,'1','2023-03-22 14:25:46',NULL,1),(837,'138 b','73','om dollar chain 1',NULL,'9.3 gm','10000','24','2020-11-24',NULL,'1','2023-03-22 14:27:28',NULL,1),(838,'138 b','73',NULL,'by sudalai son suthakar',NULL,'15000','24','2020-11-26',NULL,'1','2023-03-22 14:28:21',NULL,1),(839,'138 B','73',NULL,NULL,NULL,'3500','24','2021-01-02',NULL,'1','2023-03-22 14:29:10',NULL,1),(840,'139 B','73','RING 1',NULL,'3.9 GM','1000','24','2020-11-01',NULL,'1','2023-03-22 14:30:06',NULL,1),(841,'139 B','73',NULL,NULL,NULL,'10000','24','2020-11-02',NULL,'1','2023-03-22 14:30:25',NULL,1),(844,'166 B','87','NECKLAS 1',NULL,'20 GM','40000','24','2022-11-08',NULL,'1','2023-03-22 14:38:01',NULL,1),(845,'166 B','87',NULL,NULL,NULL,'30000','24','2023-01-27',NULL,'1','2023-03-22 14:38:49',NULL,1),(846,'173 B','90','RING 1',NULL,'2.7 GM','6000','24','2021-08-01',NULL,'1','2023-03-22 14:40:35',NULL,1),(847,'173 B','90',NULL,NULL,NULL,'3000','24','2021-08-10',NULL,'1','2023-03-22 14:41:01',NULL,1),(848,'208 A','102','KAMMAL 1 JODI',NULL,'2 GM','2000','24','2020-09-01',NULL,'1','2023-03-22 14:57:34',NULL,1),(849,'208 A','102',NULL,NULL,NULL,'3000','24','2020-09-07',NULL,'1','2023-03-22 14:58:05',NULL,1),(850,'208 A','102',NULL,NULL,NULL,'2000','24','2020-10-06',NULL,'1','2023-03-22 14:58:48',NULL,1),(851,'210 A','104','RING 3',NULL,'1.3 GM','3000','24','2020-12-21',NULL,'1','2023-03-22 15:01:38',NULL,1),(852,'210 A','104',NULL,NULL,NULL,'2000','24','2021-01-11',NULL,'1','2023-03-22 15:03:54',NULL,1),(853,'210 B','104','KAMMAL JIMIKI 1 JODI',NULL,'4.9 GM','12000','24','2020-08-22',NULL,'1','2023-03-22 15:05:08',NULL,1),(854,'210 B','104',NULL,NULL,NULL,'3000','24','2020-09-01',NULL,'1','2023-03-22 15:05:34',NULL,1),(855,'227 A','110','KAMMAL THONGATTAN 1 JODI',NULL,'4 GM','10500','24','2022-07-05',NULL,'1','2023-03-22 15:09:54',NULL,1),(856,'227 A','110',NULL,NULL,NULL,'500','24','2022-07-07',NULL,'1','2023-03-22 15:10:47',NULL,1),(857,'227 A','110',NULL,NULL,NULL,'1000','24','2022-08-31',NULL,'1','2023-03-22 15:11:33',NULL,1),(858,'227 A','110',NULL,NULL,NULL,'640','24','2023-01-10',NULL,'1','2023-03-22 15:12:13',NULL,1),(859,'229 A','111','RING 1',NULL,'4 GM','10000','24','2022-02-02',NULL,'1','2023-03-22 15:14:01',NULL,1),(860,'229 A','111',NULL,NULL,NULL,'3000','24','2022-04-19',NULL,'1','2023-03-22 15:14:45',NULL,1),(861,'241 A','335','RING 1',NULL,'8.3 GM','25000','24','2021-11-13',NULL,'1','2023-03-22 15:17:21',NULL,1),(862,'241 A','335',NULL,NULL,NULL,'2500','24','2022-04-23',NULL,'1','2023-03-22 15:18:23',NULL,1),(868,'266 A','125',NULL,'TRANSFER',NULL,'8000','24','2020-11-17',NULL,'1','2023-03-22 15:26:45',NULL,1),(869,'271 A','336','KAL KAMMAL IJODI = 4.1 GM SURAI ILLAI',NULL,'3 GM','7000','24','2020-11-18',NULL,'1','2023-03-22 15:29:15',NULL,1),(870,'271 A','336',NULL,NULL,NULL,'4000','24','2021-12-14',NULL,'1','2023-03-22 15:29:50',NULL,1),(871,'271 A','336',NULL,NULL,NULL,'1000','24','2021-02-25',NULL,'1','2023-03-22 15:30:45',NULL,1),(872,'304 A','323','KAMMAL 1 JODI',NULL,'4.8 GM','4000','24','2019-02-20',NULL,'1','2023-03-22 15:34:19',NULL,1),(873,'304 A','323',NULL,NULL,NULL,'4000','24','2019-08-25',NULL,'1','2023-03-22 15:35:04',NULL,1),(874,'304 A','323',NULL,'PADMA PATRU',NULL,'2000','24','2020-04-16',NULL,'1','2023-03-22 15:35:53',NULL,1),(875,'306 A','140','RING 1',NULL,'1.8 GM','2000','24','2019-08-09',NULL,'1','2023-03-22 15:37:27',NULL,1),(876,'306 A','140',NULL,NULL,NULL,'2000','24','2019-11-09',NULL,'1','2023-03-22 15:38:31',NULL,1),(877,'306 A','140',NULL,NULL,NULL,'500','24','2020-06-05',NULL,'1','2023-03-22 15:39:11',NULL,1),(878,'306 A','140',NULL,NULL,NULL,'1500','24','2020-09-10',NULL,'1','2023-03-22 15:39:43',NULL,1),(879,'320 B','145','CHAIN 1',NULL,'4 GM','10000','24','2022-04-02',NULL,'1','2023-03-22 15:48:28',NULL,1),(880,'320 B','145',NULL,NULL,NULL,'3000','24','2022-04-30',NULL,'1','2023-03-22 15:48:59',NULL,1),(881,'325 A','324','RING 1',NULL,'2 GM','1500','24','2020-09-23',NULL,'1','2023-03-22 15:50:36',NULL,1),(882,'325 A','324',NULL,NULL,NULL,'3500','24','2020-10-07',NULL,'1','2023-03-22 15:51:02',NULL,1),(884,'329 B','148','RING 1 K.B',NULL,'4 GM','10000','24','2021-11-28',NULL,'1','2023-03-22 15:55:29',NULL,1),(885,'329 B','148',NULL,NULL,NULL,'3000','24','2022-02-09',NULL,'1','2023-03-22 15:55:56',NULL,1),(886,'330 A','148','RING 1',NULL,'3.5 GM','7000','24','2021-11-03',NULL,'1','2023-03-22 15:58:08',NULL,1),(887,'330 A','148',NULL,NULL,NULL,'3500','24','2022-02-09',NULL,'1','2023-03-22 15:58:48',NULL,1),(889,'343 B','4','KAMMAL 1 JODI',NULL,'1.6 GM','3500','24','2020-01-14',NULL,'1','2023-03-22 16:03:05',NULL,1),(890,'350 A','156','KAL MUKUTHI 1 = 1.3 GM',NULL,'1 GM','3000','24','2020-11-18',NULL,'1','2023-03-22 16:05:50',NULL,1),(891,'350 B','156','ARUNTHA OM DOLLAR CHAIN 1',NULL,'27.5 GM','85000','24','2020-12-17',NULL,'1','2023-03-22 16:06:37',NULL,1),(892,'350 B','156',NULL,NULL,NULL,'5000','24','2020-12-24',NULL,'1','2023-03-22 16:07:09',NULL,1),(893,'354 A','157','RING 1',NULL,'4.3 GM','12516','24','2023-03-25',NULL,'1','2023-03-22 16:08:46','2023-03-25',1),(897,'379 B','106','PENDANUDAN MALAI 1 = 57 GM','MUTHUKANI KAGA','54 GM','130000','24','2021-11-08',NULL,'1','2023-03-22 16:14:44',NULL,1),(898,'349 B','106',NULL,NULL,NULL,'40000','24','2021-11-10',NULL,'1','2023-03-22 16:15:07',NULL,1),(899,'417 A','175','RING 1','PAVUNRAJA KAGA','2.5 GM','3000','24','0221-12-07',NULL,'1','2023-03-22 16:18:57',NULL,1),(900,'417 A','175',NULL,'PAVUNRAJA PATRU',NULL,'1000','24','2022-03-17',NULL,'1','2023-03-22 16:19:48',NULL,1),(901,'469 A','327','KAMMAL JIMIKI 1 JODI',NULL,'8 GM','20000','24','2022-07-14',NULL,'1','2023-03-22 16:23:52',NULL,1),(903,'469 A','327',NULL,NULL,NULL,'8000','24','2022-09-24',NULL,'1','2023-03-22 16:25:16',NULL,1),(904,'469 A','327',NULL,NULL,NULL,'1000','24','2022-12-12',NULL,'1','2023-03-22 16:25:42',NULL,1),(905,'495 A','28',NULL,NULL,'4 GM','13000','24','2022-10-05',NULL,'1','2023-03-22 16:30:40',NULL,1),(906,'505 A','217','CHAIN 1',NULL,'6 GM','10000','24','2022-08-18',NULL,'1','2023-03-22 16:31:42',NULL,1),(907,'505 A','217',NULL,NULL,NULL,'10000','24','2022-08-29',NULL,'1','2023-03-22 16:32:02',NULL,1),(916,'253','120','CHAIN 1',NULL,'7.5 GM','27000','24','2023-03-22','','1','2023-03-24 10:49:16',NULL,1),(918,'301 A','341','RING 2',NULL,'1.7 GM','6500','24','2023-03-22','','1','2023-03-24 10:51:51',NULL,1),(919,'301 A','341','RING 2',NULL,'1.7 GM','6500','24','2023-03-22','','1','2023-03-24 10:51:51',NULL,1),(920,'145','76','ARASALAI 1',NULL,'1.6 GM','587','24','2023-05-28','','1','2023-03-24 10:56:23','2023-05-28',1),(921,'97 B','50','RING 1',NULL,'1.8 GM','6500','24','2023-03-24','','1','2023-03-24 10:57:17',NULL,1),(922,'151','342','CHAIN 1',NULL,'19.7 GR','0','24','2023-04-20','','2','2023-03-25 10:57:01','2023-04-20',1),(927,'519','343','RING 1',NULL,'8 GM','6000','24','2022-11-08','','1','2023-03-26 22:35:23',NULL,1),(928,'519','343',NULL,NULL,NULL,'5000','24','2022-12-15','','1','2023-03-26 22:36:16',NULL,1),(929,'519','343',NULL,NULL,NULL,'4000','24','2023-01-25','','1','2023-03-26 22:36:41',NULL,1),(930,'519','343',NULL,NULL,NULL,'4000','24','2023-02-20','','1','2023-03-26 22:37:09',NULL,1),(931,'519','343',NULL,NULL,NULL,'3000','24','2023-03-25','','1','2023-03-26 22:37:26',NULL,1),(933,'584','345','RING 1',NULL,'2 GM','0','24','2023-04-09','','2','2023-03-26 22:42:11','2023-04-09',1),(935,'278 B','128','KAMMAL 1 JODI',NULL,'1.5 GM','6000','24','2023-03-26','','1','2023-03-26 22:47:04',NULL,1),(937,'201 B','97','KAMMAL 1 JODI',NULL,'3 GM','0','24','2023-06-11','','2','2023-03-26 22:48:30','2023-06-11',1),(938,'462','283',NULL,NULL,NULL,'7000','24','2023-03-27','','1','2023-03-28 11:20:16',NULL,1),(939,'540','346','RING 1',NULL,'2 GM','7500','24','2023-03-28','','1','2023-03-28 11:23:22',NULL,1),(943,'146','347','SILUVAI DOLAR CHAIN 1',NULL,'8 GM','22000','24','2023-03-27','','1','2023-03-28 11:32:13',NULL,1),(947,'367','349','ARASALAI 1',NULL,'1 GM','3500','24','2023-03-28','','1','2023-03-29 11:39:18',NULL,1),(948,'637','350','ELAI KAMMAL 1JODI',NULL,'2.5 NET1.5 GR','3000','24','2023-06-17','','1','2023-03-29 12:12:26','2023-06-17',1),(949,'600','264','KAMMAL 1 JODI',NULL,'2.2 GM','0','24','2023-06-05','','2','2023-03-30 11:02:10','2023-06-05',1),(950,'583 a','254','KAMMAL 1 JODI',NULL,'2.9 GM','3000','24','2023-03-29','','1','2023-03-30 11:03:24',NULL,1),(953,'131 a','68','KOLUSU 2 JODI, KODI 1',NULL,'144 gr','4000','24','2023-03-29','','1','2023-03-30 11:07:19',NULL,1),(955,'446','351','ARASALAI 1',NULL,'1.3 GM','5000','24','2023-03-29','','1','2023-03-30 11:10:22',NULL,1),(956,NULL,'297',NULL,NULL,NULL,'1000','24','2023-03-30','','1','2023-03-30 11:58:45',NULL,1),(961,'583 b','254',NULL,NULL,NULL,'3000','24','2023-03-31','','1','2023-04-01 11:07:28',NULL,1),(962,'238','352','KAMMAL 3 JODI',NULL,'14','55000','24','2023-03-22','','1','2023-04-01 11:11:58',NULL,1),(963,'611 B','276','RING 1',NULL,'3 GM','15000','24','2023-04-01','','1','2023-04-01 11:13:05',NULL,1),(964,'108 B','353','RING 1 CJ',NULL,'8.9 GR','0','24','2023-04-13','','2','2023-04-01 11:26:30','2023-04-13',1),(965,'638','354','RING 2, JIMIKKI 1JODI',NULL,'4 GM','15000','24','2023-04-01','','1','2023-04-02 11:22:23',NULL,1),(966,'348','155','KAMMAL 2JODI ,RING 1',NULL,'7.800GR','30000','24','2023-04-01','','1','2023-04-02 11:24:07',NULL,1),(968,'331 B','148','KAMMAL 1 JODI',NULL,'2.9GR','10000','24','2023-04-01','','1','2023-04-02 11:26:50',NULL,1),(970,'640','120','JIMIKI 1 JODI',NULL,'3.6 gr','9145','24','2023-08-13','','1','2023-04-02 15:05:57','2023-08-13',1),(971,'249 b','119','KAL THONGATTAN 1 JODI = 4.3 gr',NULL,'net 3gr','10000','24','2023-04-01','','1','2023-04-02 15:15:47',NULL,1),(973,'25','355','RING 1',NULL,'4 GM','0','24','2023-04-30','','2','2023-04-02 15:21:58','2023-04-30',1),(975,'473A','328',NULL,NULL,NULL,'2000','24','2023-04-01','','1','2023-04-05 00:17:12',NULL,1),(976,'375A','325',NULL,NULL,NULL,'30000','24','2023-04-04','','1','2023-04-05 00:18:23',NULL,1),(978,'338 B','151','KAL MOOKUTHI 1',NULL,'1.2GR NET.900MLGR','0','24','2023-05-14','','2','2023-04-05 00:20:35','2023-05-14',1),(979,'493 a','213',NULL,NULL,NULL,'5000','24','2023-04-03','','1','2023-04-05 00:24:48',NULL,1),(980,'353 a','156','silver kolusi pracelet',NULL,'57 gr','1000','24','2023-04-03','','1','2023-04-05 00:26:21',NULL,1),(981,'200','356','THIRUMANGALYA DOLLAR 1',NULL,'2.5 GM','7000','24','2023-04-03','','1','2023-04-05 00:28:28',NULL,1),(982,'601','265',NULL,NULL,NULL,'1000','24','2023-04-04','','1','2023-04-05 00:31:17',NULL,1),(983,'641','357','KAMMAL 1 JODI',NULL,'4 GM','15000','24','2023-04-04','','1','2023-04-05 00:44:07',NULL,1),(984,'105 B','55','ELAI KAMMAL 1JODI',NULL,'2.5 GR','7000','24','2023-04-05','','1','2023-04-06 10:16:48',NULL,1),(985,'642','53','RING 2',NULL,'1.900 GR','7000','24','2023-04-05','','1','2023-04-06 10:19:55',NULL,1),(986,'240 B','320',NULL,NULL,NULL,'5000','24','2023-04-05','','1','2023-04-06 10:21:32',NULL,1),(987,'601','265',NULL,NULL,NULL,'1000','24','2023-04-05','','1','2023-04-06 10:22:48',NULL,1),(990,'111','358','KAMMAL JIMIKI 1 JODI',NULL,'8.600 GR','30000','24','2023-04-05','','1','2023-04-06 10:28:34',NULL,1),(991,'643','314','RING 1 MS',NULL,'4 GM','217','24','2023-04-27','','1','2023-04-06 10:29:58','2023-04-27',1),(993,'494','213','RING 1',NULL,'0.900 ML GR','2000','24','2023-04-05','','1','2023-04-06 10:32:30',NULL,1),(994,'381 A','28','KAMMAL JIMIKI 1 JODI',NULL,'1 GM','2198','24','2023-09-03','','1','2023-04-06 10:34:15','2023-09-03',1),(997,'644','121','Bracelet 1 RING 1',NULL,'3.200GR','11000','24','2023-04-06','','1','2023-04-07 11:29:42',NULL,1),(998,'219','359','KAMMAL 1 JODI',NULL,'1.2 GM','0','24','2023-07-16','','2','2023-04-09 22:50:17','2023-07-16',1),(1003,'01','360','RING 1',NULL,'8 GM','0','24','2023-04-13','','2','2023-04-09 23:04:16','2023-04-13',1),(1004,'16 B','13','CHAIN 1',NULL,'8 GM','30000','24','2023-04-09','','1','2023-04-09 23:07:16',NULL,1),(1007,'583 A','254',NULL,NULL,NULL,'1000','24','2023-04-10','','1','2023-04-13 11:13:44',NULL,1),(1008,'440 B','185','SILUVAI DOLAR CHAIN 1',NULL,'7.8 GM','15000','24','2023-04-10','','1','2023-04-13 11:17:19',NULL,1),(1010,'646','318','RING 1',NULL,'4 GM','11500','24','2023-04-10','','1','2023-04-13 11:28:05',NULL,1),(1020,'608','272','JIMIKI 1 JODI',NULL,'4.2 GM','15000','24','2023-04-11','','1','2023-04-13 11:50:16',NULL,1),(1021,'106','55','KAMMAL THONGATTAN 1 JODI',NULL,'2.9 GM','10000','24','2023-04-12','','1','2023-04-13 11:54:23',NULL,1),(1027,'519','343',NULL,NULL,NULL,'2000','24','2023-04-15','','1','2023-04-16 11:39:57',NULL,1),(1033,'345','152','KAMMAL 2 JODI',NULL,'4.2 GM','12000','24','2023-04-15','','1','2023-04-16 11:56:02',NULL,1),(1034,'583 A','254',NULL,NULL,NULL,'2000','24','2023-04-17','','1','2023-04-20 00:32:03',NULL,1),(1037,'331 B','148',NULL,NULL,NULL,'2000','24','2023-04-18','','1','2023-04-20 00:45:25',NULL,1),(1044,'415','298','CHAIN 1',NULL,'8 GM','30000','24','2023-04-25','','1','2023-04-27 10:41:53',NULL,1),(1047,'616 b','305','siluvai dolar 1',NULL,'2.5 GR','9000','24','2023-04-26','','1','2023-04-27 10:46:02',NULL,1),(1048,'504','216',NULL,NULL,NULL,'17000','24','2023-04-26','','1','2023-04-27 10:47:18',NULL,1),(1050,'55','280','RING 1',NULL,'1.4 GM','5500','24','2023-04-27','','1','2023-04-28 23:51:29',NULL,1),(1052,'326','299',NULL,NULL,NULL,'1000','24','2023-04-28','','1','2023-04-28 23:55:25',NULL,1),(1053,'533 b','61','KAMMAL THONGATTAN 1 JODI',NULL,'4.3 GM','15000','24','2023-04-28','','1','2023-04-28 23:56:42',NULL,1),(1056,'23','19','RING 1',NULL,'3.9gr','15000','24','2023-04-29','','1','2023-04-30 10:42:20',NULL,1),(1057,'367 b','349','RING 1',NULL,'1.8 GM','7000','24','2023-04-29','','1','2023-04-30 10:48:17',NULL,1),(1058,'499','215','RING 1',NULL,'4 GM','8026','24','2023-05-03','','1','2023-04-30 10:50:34','2023-05-03',1),(1061,'5','367','KAMMAL WITH MATTAL',NULL,'5.3 GR','19000','24','2023-05-01','','1','2023-05-03 01:03:04',NULL,1),(1062,'417 B','175','RING 1 RG',NULL,'1.2GR','4200','24','2023-05-01','','1','2023-05-03 01:04:22',NULL,1),(1066,'627','288','RING 1 KAMMAL 1 JODI',NULL,'6.9 GR','25000','24','2023-05-02','','1','2023-05-03 01:27:53',NULL,1),(1068,'243','370','OM DOLLAR CHAIN 1',NULL,'9.4 gr','25000','24','2023-05-03','','1','2023-05-04 23:42:33',NULL,1),(1069,'256','121','RING 1',NULL,'6 GM','25000','24','2023-05-03','','1','2023-05-04 23:47:52',NULL,1),(1072,'430','371','JIMIKI 1 JODI',NULL,'2.1 GM','7500','24','2023-05-04','','1','2023-05-04 23:53:28',NULL,1),(1074,'61','37','RING 1',NULL,'6.4 gr','15000','24','2023-05-05','','1','2023-05-06 00:50:29',NULL,1),(1075,'174','91','KAMMAL 1 JODI',NULL,'4 GM','15000','24','2023-05-05','','1','2023-05-06 00:51:57',NULL,1),(1076,'20 A','17','VALAYAM 1 JODI',NULL,'5.7 GM','12000','24','2023-05-05','','1','2023-05-06 00:55:22',NULL,1),(1079,'486','209','RING 1',NULL,'3.870 GR','15000','24','2023-05-07','','1','2023-05-07 17:05:56',NULL,1),(1080,'74','42','RING 1',NULL,'1.9 GM','2016','24','2023-06-05','','1','2023-05-07 17:06:55','2023-06-05',1),(1081,'256 B','122','RING 1',NULL,'3.9 GM','0','24','2023-05-19','','2','2023-05-14 11:24:16','2023-05-19',1),(1082,NULL,'370',NULL,NULL,NULL,'5000','24','2023-05-08','','1','2023-05-14 11:26:06',NULL,1),(1083,'534','283','RING 1 TM',NULL,'10 GM','10000','24','2023-05-08','','1','2023-05-14 11:27:14',NULL,1),(1084,'20A','17',NULL,NULL,NULL,'8000','24','2023-05-09','','1','2023-05-14 11:32:46',NULL,1),(1085,'642','53','RING 1',NULL,'2.9 GM','10000','24','2023-05-09','','1','2023-05-14 11:34:31',NULL,1),(1087,'499','215',NULL,NULL,NULL,'2000','24','2023-04-29','','1','2023-05-14 11:46:12',NULL,1),(1090,'106 B','55','KOLUSU 1 JODI',NULL,'92 GM','2000','24','2023-05-10','','1','2023-05-14 11:52:21',NULL,1),(1097,'494','213',NULL,NULL,NULL,'1000','24','2023-05-13','','1','2023-05-14 12:55:25',NULL,1),(1098,'521','374','NECKLAS 1 with stones 30 gr',NULL,'net 23 gr','90000','24','2023-05-14','','1','2023-05-14 12:57:14',NULL,1),(1099,'299','137','MATTAL 1 JODI',NULL,'3.9 GM','15000','24','2023-05-14','','1','2023-05-14 19:05:51',NULL,1),(1104,'442 b','186','KAMMAL THONGATTAN 1 JODI',NULL,'2.2 GM','6000','24','2023-05-16','','1','2023-05-17 11:14:35',NULL,1),(1105,'201 a','97','RING 1','FOR tharuvai ANANTHI','1.4 GM','5500','24','2023-05-15','','1','2023-05-18 11:08:13',NULL,1),(1106,'559 b','313','RING 2 KAMMAL 1 JODI',NULL,'5.400','20000','24','2023-05-17','','1','2023-05-18 11:43:39',NULL,1),(1108,'70','376','KAMMAL 23.7 JODI',NULL,'3.7 GM','14000','24','2023-05-18','','1','2023-05-19 11:22:55',NULL,1),(1109,'104','53','KAMMAL 1 JODI',NULL,'2 GM','7000','24','2023-05-19','','1','2023-05-19 11:24:01',NULL,1),(1110,'144 b','76','KAMMAL 1 JODI',NULL,'3 GM','3000','24','2023-05-20','','1','2023-05-28 20:35:51',NULL,1),(1112,'556','240','RING 1',NULL,'1.5 GM','5500','24','2023-05-21','','1','2023-05-28 20:41:17',NULL,1),(1113,'61','37',NULL,NULL,NULL,'9000','24','2023-05-22','','1','2023-05-28 20:43:10',NULL,1),(1116,'648','377','LOD',NULL,NULL,'200000','24','2023-05-22','','1','2023-05-28 20:49:25',NULL,1),(1121,'20B','17','KAMMAL 1 JODI',NULL,'2.8 GM','3000','24','2023-05-25','','1','2023-05-28 21:10:47',NULL,1),(1122,'280','129','RING 1',NULL,'4 GM','15000','24','2023-05-24','','1','2023-05-28 21:15:06',NULL,1),(1123,'232 A','112','CHAIN WITH DOLLAR 1',NULL,'35.300 GR','53000','24','2023-05-24','','1','2023-05-28 21:17:32',NULL,1),(1124,'69','379','KAMMAL 1 JODI',NULL,'2.300GR','0','24','2023-06-07','','2','2023-05-28 21:20:33','2023-06-07',1),(1126,'281','129','RIN',NULL,'3 GR','10000','24','2023-05-24','','1','2023-05-28 21:30:35',NULL,1),(1127,'99','48','RING 2',NULL,'3 GM','7000','24','2023-05-24','','1','2023-05-28 21:36:56',NULL,1),(1131,'77','44','RING 2',NULL,'3 GM','11000','24','2023-05-26','','1','2023-05-28 21:51:33',NULL,1),(1132,'77','44','RING 2',NULL,'3 GM','11000','24','2023-05-26','','1','2023-05-28 21:51:36',NULL,1),(1134,'450','381','RING 2',NULL,'2.100 GR','4000','24','2023-06-11','','1','2023-05-28 22:00:44','2023-06-11',1),(1135,'516','98','KAMMAL 1 JODI',NULL,'2.4 GR','3000','24','2023-05-27','','1','2023-05-28 22:02:08',NULL,1),(1136,'361','17',NULL,NULL,'2.600 GR','9000','24','2023-05-28','','1','2023-05-28 22:03:36',NULL,1),(1142,'73','41',NULL,NULL,'133 GR','3000','24','2023-05-30','','1','2023-06-05 01:10:16',NULL,1),(1145,'462 B','283','RING 1 BP',NULL,'3.8 GR','10000','24','2022-11-08','','1','2023-06-05 01:18:14',NULL,1),(1147,'462 B','283',NULL,NULL,NULL,'3000','24','2023-05-31','','1','2023-06-05 01:21:56',NULL,1),(1148,'199','368','RING 1 AP',NULL,'6 GM','23000','24','2023-05-31','','1','2023-06-05 01:27:54',NULL,1),(1149,'262 B','321','RING 1',NULL,'2 GM','7000','24','2023-05-31','','1','2023-06-05 01:29:27',NULL,1),(1150,'144 B','76',NULL,NULL,NULL,'1000','24','2023-06-01','','1','2023-06-07 11:15:19',NULL,1),(1153,'28','22','RING 1',NULL,'2 GM','0','24','2023-06-17','','2','2023-06-07 11:42:24','2023-06-17',1),(1154,'569 A','246','KAMMAL 1 JODI',NULL,'3.8 GR','3712','24','2023-06-18','','1','2023-06-07 11:44:31','2023-06-18',1),(1157,'220 A','385','RING 1',NULL,'2 GM','7500','24','2023-06-01','','1','2023-06-07 11:51:36',NULL,1),(1160,'323','116','MURUKKU CHAIN 1',NULL,'16 GR','20000','24','2023-06-03','','1','2023-06-07 11:59:48',NULL,1),(1162,'361 B','17','RING 2',NULL,'7 GR','25000','24','2023-06-05','','1','2023-06-08 10:45:08',NULL,1),(1163,'603 B','314','CHAIN 1',NULL,'9.9 GR','37000','24','2023-06-05','','1','2023-06-08 10:49:42',NULL,1),(1165,'450 A','348','RING 1',NULL,'2.1 GR','8000','24','2023-06-05','','1','2023-06-08 10:52:51',NULL,1),(1168,'479','204','VALAYAM 1 JODI',NULL,'2.9 GM','7000','24','2023-06-06','','1','2023-06-08 10:59:26',NULL,1),(1170,'37 A','388','KAMMAL 1 JODI 3.9 GR','KOLUSU 160 GR',NULL,'20000','24','2023-06-07','','1','2023-06-08 11:08:26',NULL,1),(1171,'175 b','91','MATTAL 1 JODI',NULL,'2 GM','5000','24','2023-06-08','','1','2023-06-11 20:24:28',NULL,1),(1173,'407','389','RING 1',NULL,'2.600 GR','8000','24','2023-06-10','','1','2023-06-11 20:32:47',NULL,1),(1174,'272','290','KAMMAL 1 JODI',NULL,'1 GM','3000','24','2023-06-10','','1','2023-06-11 20:35:16',NULL,1),(1176,'581','252','RING 1kammal 1',NULL,'3.100 GR','12000','24','2023-06-09','','1','2023-06-11 20:38:32',NULL,1),(1182,'362','17','KOLUSU 1 JODI',NULL,'275 GM','6000','24','2023-06-11','','1','2023-06-11 21:53:21',NULL,1),(1183,'288 A','133','RING 1MATTAL1 JIMIKKI 1',NULL,'5.3 GR','21000','24','2023-06-11','','1','2023-06-11 21:55:21',NULL,1),(1184,'288 B','133','KOLUSU 1 JODI',NULL,'170 GR','4000','24','2023-06-11','','1','2023-06-11 21:55:59',NULL,1),(1185,'77','44','RING 3',NULL,'2.400 GR','10000','24','2023-06-11','','1','2023-06-11 21:57:53',NULL,1),(1188,'174','91','RING 2',NULL,'1.5 GM','5000','24','2023-06-12','','1','2023-06-12 11:27:48',NULL,1),(1189,'479','204',NULL,NULL,NULL,'2000','24','2023-06-10','','1','2023-06-17 23:18:00',NULL,1),(1196,'500','278','KAMMAL 1 MATTUM',NULL,'1.1 GM','4000','24','2023-06-13','','1','2023-06-17 23:28:46',NULL,1),(1197,'348 B','155','KAMMAL 1 JODI',NULL,'3 GM','12000','24','2023-06-15','','1','2023-06-17 23:36:03',NULL,1),(1198,'158','84','OM DOLLAR CHAIN 1',NULL,'8.700 GR','20000','24','2023-06-14','','1','2023-06-17 23:41:11',NULL,1),(1199,'522','364','Bracelet',NULL,'8 GM','30000','24','2023-06-14','','1','2023-06-17 23:44:03',NULL,1),(1201,'465','363','KAMMAL THONGATTAN 1 JODI',NULL,'7 GR','20000','24','2023-06-14','','1','2023-06-17 23:45:51',NULL,1),(1203,'71','392',NULL,NULL,'3 GM','3089','24','2023-07-02','','1','2023-06-17 23:51:51','2023-07-02',1),(1206,'624 B','394','MATTAL 1 JODI',NULL,'1.900 GR','2000','24','2023-06-15','','1','2023-06-17 23:58:10',NULL,1),(1208,'517','372','RING 1 KAMMAL 1 JODI',NULL,'8.500 GR','30000','24','2023-06-15','','1','2023-06-18 00:01:11',NULL,1),(1209,'36','395','THONGATTAN 1 JODI',NULL,'1.870 GR','7000','24','2023-06-16','','1','2023-06-18 00:04:21',NULL,1),(1214,'211','103','CHAIN 2',NULL,'9.9 gr','40000','24','2023-06-18','','1','2023-06-25 20:40:44',NULL,1),(1219,'479','204',NULL,NULL,NULL,'2000','24','2023-06-18','','1','2023-06-25 20:55:09',NULL,1),(1220,'483','204','RING 1',NULL,'2 GM','7500','24','2023-06-18','','1','2023-06-25 20:56:26',NULL,1),(1221,'20 B','17',NULL,NULL,NULL,'6000','24','2023-06-20','','1','2023-06-25 20:57:50',NULL,1),(1227,'534 B','283','KOLUSU 1 JODI',NULL,'57 gr','1500','24','2023-06-21','','1','2023-06-25 21:16:33',NULL,1),(1228,'467','198','KAL KAMMAL 1 JODI 5.500 GR',NULL,'4 GR','0','24','2023-07-02','','2','2023-06-25 21:21:45','2023-07-02',1),(1229,'520 A','225','RING 1, VALAYAM 1 JODI ELAI KAMMAL 1',NULL,'9.300 GR','35000','24','2023-06-22','','1','2023-06-25 21:25:34',NULL,1),(1230,'88 B','206','KAMMAL 2 JODI',NULL,'4 GM','15000','24','2023-06-22','','1','2023-06-25 21:27:35',NULL,1),(1231,'104','53','KOLUSU 1 JODI',NULL,'70 GM','2600','24','2023-06-14','','1','2023-06-25 21:29:10',NULL,1),(1232,'363 B','159','OM DOLLAR CHAIN 1',NULL,'22.700 GR','90000','24','2023-06-22','','1','2023-06-25 21:30:59',NULL,1),(1233,'323','116',NULL,NULL,NULL,'21000','24','2023-06-22','','1','2023-06-25 21:34:06',NULL,1),(1234,'91 A','48','KAMMAL 1 JODI',NULL,'2.200 GR','8000','24','2023-06-22','','1','2023-06-25 21:43:14',NULL,1),(1238,'602','266','KOLUSU 2 JODI kodi 1',NULL,'140 gr','4000','24','2023-06-26','','1','2023-07-02 20:12:30',NULL,1),(1239,'337','150','RING 1 kalkammal 1',NULL,'2.3 GM','9000','24','2023-06-26','','1','2023-07-02 20:15:50',NULL,1),(1240,'232 A','112',NULL,NULL,NULL,'30000','24','2023-06-26','','1','2023-07-02 20:17:09',NULL,1),(1242,'50 A','29','RING 1',NULL,'4 GM','13000','24','2021-01-18','','1','2023-07-02 20:21:46',NULL,1),(1244,'14','373','RING 1',NULL,'2 GM','7000','24','2023-06-27','','1','2023-07-02 20:28:24',NULL,1),(1246,'359','393','KAMMAL JIMIKI 1 JODI',NULL,'4.3 GM','16000','24','2023-06-28','','1','2023-07-02 20:32:33',NULL,1),(1247,'38','399','KAMMAL 1 JODI',NULL,'3.6GR','2000','24','2023-06-29','','1','2023-07-02 20:37:57',NULL,1),(1249,'569 A','246',NULL,NULL,NULL,'6500','24','2023-06-30','','1','2023-07-02 20:41:10',NULL,1),(1254,'152','81','RING 1',NULL,'1.6 GR','6000','24','2023-07-01','','1','2023-07-02 20:50:43',NULL,1),(1256,'91B','48','MURUKU CHAIN 1',NULL,'12.500','51000','24','2023-07-03','','1','2023-07-04 11:05:11',NULL,1),(1257,'575','344','KAMMAL WITH MATTAL',NULL,'8 GM','30000','24','2023-07-03','','1','2023-07-04 11:06:59',NULL,1),(1259,'359 B','393','RING 1',NULL,'1.9','7000','24','2023-07-04','','1','2023-07-09 21:04:48',NULL,1),(1261,'478 A','203','RING 2',NULL,'2.200','8000','24','2023-07-05','','1','2023-07-09 21:15:58',NULL,1),(1262,'50 B','29','CHAIN 1',NULL,'8 GM','30000','24','2023-07-04','','1','2023-07-09 21:19:07',NULL,1),(1263,'24','365','RING 1',NULL,'1.3 GM','5500','24','2023-07-05','','1','2023-07-09 21:26:53',NULL,1),(1264,'512 B','222','RING 1 GP',NULL,'3.600','0','24','2023-07-16','','2','2023-07-09 21:28:45','2023-07-16',1),(1265,'289 A','133','RING 1',NULL,'2 GM','7500','24','2023-07-06','','1','2023-07-09 21:30:33',NULL,1),(1267,'32','401','KAMMAL JIMIKI 1 JODI',NULL,'3.100 GR','12000','24','2023-07-06','','1','2023-07-09 21:44:25',NULL,1),(1268,'603 B','210','VALAYAM 1 JODI',NULL,'4.1','7000','24','2023-07-07','','1','2023-07-09 21:49:18',NULL,1),(1271,'522','226','NECKLAS 1',NULL,'11.600 gr','30000','24','2023-07-08','','1','2023-07-09 21:55:50',NULL,1),(1272,'495 B','213','RING 1',NULL,'4 GM','15000','24','2023-07-08','','1','2023-07-09 21:57:21',NULL,1),(1273,'234','113','JIMIKI 1 JODI',NULL,'1.3 GM',NULL,'24','2023-07-09','','1','2023-07-09 22:03:08',NULL,1),(1274,'547 b','234','THIRUMANGALYA DOLLAR 1',NULL,'3.100 GR','11000','24','2023-07-10','','1','2023-07-16 18:45:38',NULL,1),(1275,'424 b','178','RING 1',NULL,'1 GM','3000','24','2023-07-10','','1','2023-07-16 18:47:08',NULL,1),(1276,'213 A','402','KAMMAL 1 JODI',NULL,'1.400 GR','4000','24','2023-07-10','','1','2023-07-16 18:50:58',NULL,1),(1278,'527 A','90','RING 2',NULL,'1.200 GR','4000','24','2023-07-10','','1','2023-07-16 18:55:27',NULL,1),(1280,'25 A','403','KAMMAL MATTAL 1 JODI',NULL,'7.200 GR','28000','24','2023-07-11','','1','2023-07-16 19:03:29',NULL,1),(1281,'465','363',NULL,NULL,NULL,'10000','24','2023-07-12','','1','2023-07-16 19:07:18',NULL,1),(1282,'384 B','166','KAMMAL 1 JODI',NULL,'4.1','15000','24','2023-07-12','',NULL,'2023-07-16 19:08:58','2023-07-16',1),(1283,'594 B','166','RING 1','FOR LOURTHU RANI','8 GM','30000','24','2023-07-12','','1','2023-07-16 19:14:06',NULL,1),(1284,'604 B','266','RING 1',NULL,'2 GM','8000','24','2023-07-13','','1','2023-07-16 19:15:41',NULL,1),(1285,'110 B','404','KAL KAMMAL 1 JODI 9 GR',NULL,'7.5 GR NET','35000','24','2023-07-14','','1','2023-07-16 19:18:11',NULL,1),(1286,'161 B','85','KALKAMMAL KAL MOOK 7 GR',NULL,'5.5 GR','18000','24','2022-05-27','','1','2023-07-16 19:22:07',NULL,1),(1287,'279 B','128','RING 1 SJ','FOR MUTHARU','3.900 GR',NULL,'24','2023-07-07','','1','2023-07-16 19:35:24',NULL,1),(1288,'4 A','313','MATTAL 1 JODI',NULL,'2.100 GR','7000','24','2023-07-14','','1','2023-07-16 19:44:26',NULL,1),(1292,'605','268','KAMMAL 1 JODI','amman 807','3 GM','11500','24','2023-07-16','','1','2023-07-16 20:40:18',NULL,1),(1293,'74','42',NULL,NULL,NULL,'2000','24','2023-07-15','','1','2023-07-23 15:52:16',NULL,1),(1294,'74','42',NULL,NULL,NULL,'2000','24','2023-07-15','','1','2023-07-23 15:52:18',NULL,1),(1297,'593','261','KAMMAL 1 JODI',NULL,'2.3 GR','8500','24','2023-07-17','','1','2023-07-23 16:03:23',NULL,1),(1298,'335 B','149','RING 1',NULL,'1.800GR','6500','24','2023-07-17','','1','2023-07-23 16:04:39',NULL,1),(1299,'332','405','CHAIN',NULL,'7.900 GR','21000','24','2023-07-17','','1','2023-07-23 16:06:23',NULL,1),(1301,'152 B','81','KALKAMMAL1JODI 5.3 GR',NULL,'NET 4 GR','15000','24','2023-07-18','','1','2023-07-23 16:15:19',NULL,1),(1302,'358','393','KAMMAL 1 JODI',NULL,'4.100 GR','15000','24','2023-07-18','','1','2023-07-23 16:16:29',NULL,1),(1303,'35','363','KALRING 2.100',NULL,'NET 1.800GR','7000','24','2023-07-19','','1','2023-07-23 16:27:47',NULL,1),(1304,'384','166','RING 1 COIN 1',NULL,'2.200 GR','8000','24','2023-07-19','','1','2023-07-23 16:29:04',NULL,1),(1305,'10','406','RING 1 MV',NULL,'9.900 GR','40000','24','2023-07-19','','1','2023-07-23 16:30:40',NULL,1),(1306,'228B','110','SILUVAI DOLAR CHAIN',NULL,'8.400 GR','31000','24','2023-02-20','','1','2023-07-23 16:33:16',NULL,1),(1307,'228B','110',NULL,NULL,NULL,'5000','24','2023-07-20','','1','2023-07-23 16:33:39',NULL,1),(1310,'546','234','RING 1',NULL,'3 GR','10000','24','2023-07-20','','1','2023-07-23 18:40:44',NULL,1),(1311,'385','166','KAMMAL 1 JODI',NULL,'3 GR','10000','24','2023-07-20','','1','2023-07-23 18:44:26',NULL,1),(1314,'252 B','313','KAMMAL WITH MATTAL',NULL,'4.200 GR','10000','24','2023-07-21','','1','2023-07-23 19:08:52',NULL,1),(1315,'327','299','MATTAL',NULL,'2.100 GR','8000','24','2023-07-21','','1','2023-07-23 19:12:18',NULL,1),(1316,'518','372','RING 1',NULL,'3.800 GR','5000','24','2023-07-18','','1','2023-07-23 19:13:30',NULL,1),(1318,'346','386','FISH DOLAR',NULL,'1.900 GR','7500','24','2023-07-22','','1','2023-07-23 19:23:09',NULL,1),(1319,'214','369','RING 1 SM',NULL,'1.900 GR','0','24','2023-07-29','','2','2023-07-23 19:24:13','2023-07-29',1),(1320,'154','409','TWO ROW CHAIN',NULL,'38 GR','0','24','2023-07-29','','2','2023-07-23 19:26:18','2023-07-29',1),(1323,'533','410','KAMMAL 1 JODI',NULL,'2.1 GM','8000','24','2023-07-24','','1','2023-07-29 10:59:10',NULL,1),(1324,'58A','35','KAL KAMMAL 1 JODI 2.4',NULL,'NET 1.800','7000','24','2023-07-24','','1','2023-07-29 11:01:20',NULL,1),(1325,'61 B','37','RING 2KAMMALJIMIKKI1',NULL,'5.300 GR','20000','24','2023-07-24','','1','2023-07-29 11:02:51',NULL,1),(1328,'243','370',NULL,NULL,NULL,'2000','24','2023-07-26','','1','2023-07-29 11:06:13',NULL,1),(1329,'56','411',NULL,NULL,NULL,'6500','24','2023-07-25','','1','2023-07-29 11:13:40',NULL,1),(1330,'85','290','MURUKU CHAIN 1',NULL,'18 GM','15000','24','2023-07-27','','1','2023-07-29 11:16:55',NULL,1),(1331,'645A','318','KAMMAL 2JODI',NULL,'3 GM','15000','24','2023-07-27','','1','2023-07-29 11:19:34',NULL,1),(1332,'528','282','RING 1',NULL,'4 GM','0','24','2023-09-03','','2','2023-08-13 14:38:24','2023-09-03',1),(1333,'548','235','RING 1',NULL,'2 GM','3000','24','2023-07-27','','1','2023-08-13 14:42:34',NULL,1),(1334,'235','196','RING 1',NULL,'3.8 GM','15000','24','2023-07-29','','1','2023-08-13 14:49:54',NULL,1),(1335,'559 a','313','KAMMAL 2 JODI',NULL,'5 GM','19000','24','2023-07-29','','1','2023-08-13 14:57:00',NULL,1),(1336,'516','98',NULL,NULL,NULL,'4000','24','2023-07-31','','1','2023-08-13 15:01:21',NULL,1),(1337,'605 b','268','JIMIKI 1only',NULL,'600 ml','1200','24','2023-07-31','','1','2023-08-13 15:02:29',NULL,1),(1339,'451','348','KAMMAL 1 JODI',NULL,'2.2 GM','8000','24','2023-08-02','','1','2023-08-13 15:05:27',NULL,1),(1341,'178','16','KAMMAL THONGATTAN 1 JODI',NULL,'2.3gr','9000','24','2023-08-02','','1','2023-08-13 15:11:47',NULL,1),(1343,'85','290',NULL,NULL,NULL,'10000','24','2023-08-02','','1','2023-08-13 15:19:04',NULL,1),(1344,'7','390','KAMMAL JIMIKI 1 JODI,MATTAL PRACELET',NULL,'14.6 GR','52000','24','2023-08-02','','1','2023-08-13 15:22:58',NULL,1),(1345,'293 B','380','KAMMAL THONGATTAN 1 JODI',NULL,NULL,'15000','24','2023-08-02','','1','2023-08-13 15:30:27',NULL,1),(1346,'109','375','RING 2',NULL,'3.4 GM','13000','24','2023-08-02','','1','2023-08-13 15:34:39',NULL,1),(1347,'401','170','KOLUSU 1 JODI KODI 1',NULL,'120GR','2500','24','2023-08-02','','1','2023-08-13 15:36:05',NULL,1),(1348,'63','38','KAMMAL 1 JODI',NULL,'2 GM','7500','24','2023-08-02','','1','2023-08-13 15:37:10',NULL,1),(1349,'606','269','KAMMAL 1 JODI',NULL,'3 GM','12000','24','2023-08-02','','1','2023-08-13 15:38:18',NULL,1),(1350,'117','413','KAMMAL MATTAL 1 JODI',NULL,'3.9 GM','16000','24','2023-08-03','','1','2023-08-13 15:47:05',NULL,1),(1351,'490','315','KALKAMMAL 1 JODI 5 GR',NULL,'NET 3.7GR','12000','24','2023-08-03','','1','2023-08-13 15:48:20',NULL,1),(1352,'589','258','RING 1',NULL,'3GR','7000','24','2023-08-04','','1','2023-08-13 15:49:30',NULL,1),(1353,'29','361','RING 1',NULL,'2.9 GM','10000','24','2023-08-05','','1','2023-08-13 15:54:50',NULL,1),(1354,'29 B','361','CHAIN 1',NULL,'9.9GR','35000','24','2023-08-10','','1','2023-08-13 15:55:26',NULL,1),(1355,'135','71','RING 1',NULL,'2 GM','8000','24','2023-08-05','','1','2023-08-13 15:58:09',NULL,1),(1358,'232A','112',NULL,NULL,NULL,'30000','24','2023-08-07','','1','2023-08-13 16:13:02',NULL,1),(1359,'294 B','414','CHAIN 1',NULL,'6GR','11000','24','2023-08-07','','1','2023-08-13 16:15:20',NULL,1),(1360,'623','226','RING 1',NULL,'8.7GR','30000','24','2023-08-08','','1','2023-08-13 16:19:24',NULL,1),(1363,'4 B','313','KAMMAL 1 JODI',NULL,'3 GM','10000','24','2023-08-10','','1','2023-08-13 16:26:05',NULL,1),(1364,'196','416','KAMMAL 1 JODI 900 ML KOLUSU 110GR',NULL,NULL,'5500','24','2023-08-10','','1','2023-08-13 16:28:15',NULL,1),(1365,'613','279','MATTAL 1 JODI',NULL,'2 GM','7000','24','2023-08-10','','1','2023-08-13 16:29:40',NULL,1),(1366,'258','417','ELA KAMMAL 4GR',NULL,'net 3 gr','10000','24','2023-08-10','','1','2023-08-13 16:31:24',NULL,1),(1369,'32 B','401','KOLUSU 2 JODI',NULL,'140GR','4000','24','2023-08-10','','1','2023-08-13 16:34:36',NULL,1),(1370,'30','23','RING 1',NULL,'2.1 GM','8000','24','2023-08-12','','1','2023-08-13 16:39:30',NULL,1),(1371,'454 B','192','RING 1',NULL,'1.5 GM','5500','24','2023-08-11','','1','2023-08-13 16:40:39',NULL,1),(1372,'315','164','RING 2',NULL,'2 GM','8000','24','2023-08-12','','1','2023-08-13 16:42:25',NULL,1),(1374,'463','196','RING 1',NULL,'8 GM','20000','24','2023-08-11','','1','2023-08-13 16:46:11',NULL,1),(1375,'323','116',NULL,NULL,NULL,'10000','24','2023-08-13','','1','2023-08-13 16:48:37',NULL,1),(1376,'346 B','386','Bracelet',NULL,'2GR','7000','24','2023-08-13','','1','2023-08-13 16:49:29',NULL,1),(1377,'31','23','RING 1',NULL,'3.5 GR','13000','24','2023-08-13','','1','2023-08-20 19:15:15',NULL,1),(1378,'239','352','RING 1',NULL,'3.9 GR','15000','24','2023-08-14','','1','2023-08-20 19:16:36',NULL,1),(1379,'213 B','383','RING 1',NULL,'4 GM','8000','24','2023-08-14','','1','2023-08-20 19:21:38',NULL,1),(1380,'616 A','305','RING 1',NULL,'500 ML','1500','24','2023-08-15','','1','2023-08-20 19:23:33',NULL,1),(1381,'589','258',NULL,NULL,NULL,'2000','24','2023-08-14','','1','2023-08-20 19:26:16',NULL,1),(1382,'606 B','269','KAMMAL THONGATTAN 1 JODI',NULL,'2 GR','8000','24','2023-08-14','','1','2023-08-20 19:28:25',NULL,1),(1383,'159 B','84','KAMMAL THONGATTAN 1 JODI',NULL,'3 GM','11000','24','2023-08-14','','1','2023-08-20 19:30:39',NULL,1),(1384,'94 B','418','RING 2',NULL,'3.9 GR','15000','24','2023-08-15','','1','2023-08-20 19:34:34',NULL,1),(1385,'137 B','318','RING 1     SMM',NULL,'5.9GR','18000','24','2023-08-16','','1','2023-08-20 19:37:54',NULL,1),(1386,'609','273','RING WITH STONE 5.7GR',NULL,'NET 4 GR','16000','24','2023-08-16','','1','2023-08-20 19:43:43',NULL,1),(1387,'109 B','375','KAMMAL 1 JODI',NULL,'2.4 GR','7000','24','2023-08-17','','1','2023-08-20 19:50:55',NULL,1),(1388,'480','205','KAMMAL 1 JODI DAMAGED',NULL,'1.9 GR','8000','24','2023-08-17','','1','2023-08-20 19:53:11',NULL,1),(1389,'295 B','380','NECKLAS 1',NULL,'8 GM','25000','24','2023-08-17','','1','2023-08-20 19:54:35',NULL,1),(1390,'452 A','191',NULL,NULL,NULL,'10000','24','2023-08-18','','1','2023-08-20 19:57:08',NULL,1),(1391,'24 B','365','CHAIN 1',NULL,'30 GR','110000','24','2023-08-19','','1','2023-08-20 19:58:32',NULL,1),(1392,'156','83','RING 2 B',NULL,'5 GR','15000','24','2023-08-19','','1','2023-08-20 20:08:27',NULL,1),(1393,'149 B','387','KAMMAL THONGATTAN 1 JODI',NULL,'5.4 GR','20000','24','2023-08-19','','1','2023-08-20 20:09:41',NULL,1),(1395,'247 B','118','KAMMAL 1 JODI',NULL,'2.9 GR','7000','24','2023-08-19','','1','2023-08-20 20:20:29',NULL,1),(1396,'181A','93','RING 1',NULL,'2 GM','8000','24','2023-08-21','','1','2023-08-27 20:00:33',NULL,1),(1397,'181 B','93','RING 1',NULL,'1.1 GM','4000','24','2023-08-25','','1','2023-08-27 20:01:23',NULL,1),(1398,'627','364','RING 1',NULL,'2.5 GR','9000','24','2023-08-21','','1','2023-08-27 20:02:51',NULL,1),(1399,'463 B','196','B',NULL,'8.2 GR','12000','24','2023-08-21','','1','2023-08-27 20:04:52',NULL,1),(1400,'52','419','ILAI KAMMAL 1 JODI',NULL,'NET 2.5','10000','24','2023-08-21','','1','2023-08-27 20:07:43',NULL,1),(1401,'534','283',NULL,NULL,NULL,'4000','24','2023-08-22','','1','2023-08-27 20:09:05',NULL,1),(1402,'410','28','KAMMAL 1 JODI',NULL,'1.800GR','5000','24','2023-08-22','','1','2023-08-27 20:11:38',NULL,1),(1403,'595 B','262','KAMMAL JIMIKI 1 JODI',NULL,'2.2 GM','8000','24','2023-08-22','','1','2023-08-27 20:13:45',NULL,1),(1404,'483 A','204','RING 1',NULL,'2 GM','7500','24','2023-08-22','','1','2023-08-27 20:16:34',NULL,1),(1405,'551','145','SILVER KODI KOLUSU',NULL,'70 GM','2000','24','2023-08-23','','1','2023-08-27 20:18:48',NULL,1),(1406,'134 b','70','KAMMAL 1 JODI',NULL,'2gr','7500','24','2023-08-24','','1','2023-09-03 15:01:13',NULL,1),(1407,'260','321','Bracelet',NULL,'3 GM','11000','24','2023-08-23','','1','2023-09-03 15:08:59',NULL,1),(1408,'7b','390','RING 1',NULL,'3.5 gr','10000','24','2023-08-23','','1','2023-09-03 15:10:14',NULL,1),(1409,'569 b','246','KAL NELIVU RING 1 =5 GM',NULL,'net 3.5 gr','15000','24','2023-08-21','','1','2023-09-03 15:12:07',NULL,1),(1410,'608','273','RING 1',NULL,'3 GR','11000','24','2023-08-24','','1','2023-09-03 18:27:57',NULL,1),(1411,'589','258',NULL,NULL,NULL,'2000','24','2023-08-25','','1','2023-09-03 18:29:12',NULL,1),(1412,'589 b','258','kolusu 50gr kammal1.200 gr',NULL,NULL,'6000','24','2023-08-24','','1','2023-09-03 18:30:01',NULL,1),(1413,'542','178','MATTAL',NULL,'2.200 GR','5500','24','2023-08-24','','1','2023-09-03 18:31:22',NULL,1),(1414,'232 b','112','RING 2',NULL,'2.100gr','5000','24','2023-08-24','','1','2023-09-03 18:32:44',NULL,1),(1415,'85','290',NULL,NULL,NULL,'5000','24','2023-08-26','','1','2023-09-03 18:38:58',NULL,1),(1416,'382 a','165','kolusu',NULL,'29 gr','1000','24','2023-08-25','','1','2023-09-03 18:40:16',NULL,1),(1417,'306','128','CHAIN',NULL,'9.900 GR','16000','24','2023-08-24','','1','2023-09-03 18:42:43',NULL,1),(1418,'376 b','325','KAMMAL 1 JODI',NULL,'4gr','15000','24','2023-08-26','','1','2023-09-03 18:44:23',NULL,1),(1419,'465 b','363','chain with dolar',NULL,'25 gr','100000','24','2023-08-25','','1','2023-09-03 18:47:24',NULL,1),(1420,'448','189','RING 1',NULL,'1.800GR','5000','24','2023-08-26','','1','2023-09-03 18:49:56',NULL,1),(1421,'286','132','RING 1',NULL,'3.100 GR','10000','24','2023-08-28','','1','2023-09-03 18:58:26',NULL,1),(1422,'182 a','93','thongattan',NULL,'2 gr','8000','24','2023-08-28','','1','2023-09-03 18:59:47',NULL,1),(1423,'443 b','186','kammal',NULL,'2.900 gr','6000','24','2023-08-28','','1','2023-09-03 19:02:01',NULL,1),(1424,'27','420','RING 1',NULL,'4 gr','11000','24','2023-08-28','','1','2023-09-03 19:04:16',NULL,1),(1425,'488','209','RING 1',NULL,'4.300gr','15000','24','2023-08-28','','1','2023-09-03 19:06:07',NULL,1),(1426,'421','177','kolusu',NULL,'82 gr','1700','24','2023-08-28','','1','2023-09-03 19:07:25',NULL,1),(1427,'144 b','76',NULL,NULL,NULL,'1000','24','2023-08-29','','1','2023-09-03 19:08:34',NULL,1),(1428,'434','275','kammal',NULL,'4gr','15000','24','2023-08-29','','1','2023-09-03 19:11:13',NULL,1),(1429,'41 b','412','KALKAMMAL1JODI',NULL,'net 2.900 gr','11500','24','2023-08-29','','1','2023-09-03 19:13:02',NULL,1),(1430,'63 b','421','thirumangalyam',NULL,'2.5 gr','8000','24','2023-08-22','','1','2023-09-03 19:15:24',NULL,1),(1431,'491 a','422','kammal jimikki thongattan',NULL,'5.5 gr','22000','24','2023-08-30','','1','2023-09-03 19:19:56',NULL,1),(1432,'186','423','RING 1',NULL,'3 GR','6605','24','2023-09-03','','1','2023-09-03 19:23:11','2023-09-03',1),(1433,'59A','35','KAMMAL JIMIKKI',NULL,'3.800 GR','14500','24','2023-08-30','','1','2023-09-03 19:25:37',NULL,1),(1434,'258','417','MATTAL',NULL,'4 gr','15000','24','2023-08-30','','1','2023-09-03 19:26:49',NULL,1),(1435,'485','209','NEKLES',NULL,'7.900 GR','30000','24','2023-08-31','','1','2023-09-03 19:37:37',NULL,1),(1436,'488 B','211','RING 1',NULL,'4.400 GR','15000','24','2023-08-31','','1','2023-09-03 19:39:15',NULL,1),(1437,'39 B','424','RING 1',NULL,'4 gr','15000','24','2023-08-31','','1','2023-09-03 19:40:52',NULL,1),(1438,'405','171','RING 1',NULL,'4.200 GR','15000','24','2023-08-31','','1','2023-09-03 19:42:31',NULL,1),(1439,'67','40','kolusu',NULL,'120 GR','3170','24','2023-09-01','','1','2023-09-03 21:03:09',NULL,1),(1440,'455','175','RING 1',NULL,'1.4 GR','5500','24','2023-09-01','','1','2023-09-03 21:04:50',NULL,1),(1441,'42','425','RING 1',NULL,'4 gr','16000','24','2023-09-01','','1','2023-09-03 21:07:06',NULL,1),(1442,'435','275','chain with dolar',NULL,'18.5 GR','70000','24','2023-09-02','','1','2023-09-03 21:10:13',NULL,1),(1443,'182','93','KALKAMMAL1JODI 1.9GR',NULL,'1 GR','3000','24','2023-09-03','','1','2023-09-03 21:11:41',NULL,1);
/*!40000 ALTER TABLE `activation` ENABLE KEYS */;
UNLOCK TABLES;

--
-- Table structure for table `activation_details`
--

DROP TABLE IF EXISTS `activation_details`;
/*!40101 SET @saved_cs_client     = @@character_set_client */;
/*!50503 SET character_set_client = utf8mb4 */;
CREATE TABLE `activation_details` (
  `id` int NOT NULL AUTO_INCREMENT,
  `activation_id` int DEFAULT NULL,
  `customer_id` int DEFAULT NULL,
  `intrest` varchar(10) DEFAULT NULL,
  `from_date` date DEFAULT NULL,
  `to_date` date DEFAULT NULL,
  `credit_amount` varchar(10) DEFAULT NULL,
  `intrest_amount` varchar(10) DEFAULT NULL,
  `total_amount` varchar(20) DEFAULT NULL,
  `pay_amount` varchar(10) DEFAULT NULL,
  `balance_amount` varchar(10) DEFAULT NULL,
  `status` varchar(10) DEFAULT NULL,
  `created_at` datetime DEFAULT NULL,
  `update_at` datetime DEFAULT NULL,
  `login_id` int DEFAULT NULL,
  PRIMARY KEY (`id`)
) ENGINE=InnoDB AUTO_INCREMENT=684;
/*!40101 SET character_set_client = @saved_cs_client */;

--
-- Dumping data for table `activation_details`
--

LOCK TABLES `activation_details` WRITE;
/*!40000 ALTER TABLE `activation_details` DISABLE KEYS */;
INSERT INTO `activation_details` VALUES (1,17,15,'24','2020-10-16','2023-02-06','12000','6,651.62','12006',NULL,'NaN','2','2023-02-06 09:11:42',NULL,1),(2,33,27,'24','2019-03-14','2023-02-06','3500','3,279.45','3503',NULL,'NaN','2','2023-02-06 11:37:33',NULL,1),(3,33,27,'24','2019-03-14','2023-02-06','3500','3,279.45','3503',NULL,'NaN','2','2023-02-06 11:37:59',NULL,1),(4,34,27,'24','2019-10-03','2023-02-06','60000','48,210.41','60048',NULL,'NaN','2','2023-02-06 11:38:21',NULL,1),(12,442,196,'24','2022-12-30','2023-02-11','14000','395.84','14395.84','14395.84','0','1','2023-02-11 14:30:49',NULL,1),(14,314,148,'24','2023-02-01','2023-02-12','5000','36.16','5036.16','5036.16','0','1','2023-02-12 17:08:54',NULL,1),(21,479,217,'24','2022-12-12','2023-02-25','13000','641.10','13641','1000','12641','1','2023-02-25 08:52:46',NULL,1),(25,523,244,'24','2022-12-20','2023-02-25','35000','1541.92','36542','36542','0','2','2023-02-25 09:00:54',NULL,1),(29,280,135,'24','2023-01-04','2023-03-16','14000','653.59','14654','14654','0','2','2023-03-16 10:57:09',NULL,1),(33,490,224,'24','2022-11-02','2023-03-17','5000','443.84','5444','5444','0','2','2023-03-17 10:49:38',NULL,1),(36,281,135,'24','2022-01-11','2023-03-17','6500','1837.81','8338','8338','0','2','2023-03-17 11:07:20',NULL,1),(37,83,47,'24','2020-10-24','2023-03-17','10000','5746.85','15747','15747','0','2','2023-03-17 11:15:34',NULL,1),(38,84,47,'24','2021-09-18','2023-03-17','8000','2866.85','10867','10867','0','2','2023-03-17 11:15:47',NULL,1),(39,85,47,'24','2021-02-15','2023-03-17','4000','1998.90','5999','5999','0','2','2023-03-17 11:16:41',NULL,1),(40,82,47,'24','2020-07-14','2023-03-17','6000','3850.52','9851','9851','0','2','2023-03-17 11:16:58',NULL,1),(42,528,245,'24','2023-01-19','2023-03-17','12000','449.75','12450','12450','0','2','2023-03-17 11:19:32',NULL,1),(43,527,245,'24','2022-12-26','2023-03-17','4000','213.04','4213','4213','0','2','2023-03-17 11:19:44',NULL,1),(44,286,139,'24','2022-12-09','2023-03-17','7000','451.07','7451','7451','0','2','2023-03-17 11:20:25',NULL,1),(46,179,95,'24','2020-01-31','2023-03-18','6500','4880.88','11381','11381','0','2','2023-03-18 10:37:34',NULL,1),(48,341,157,'24','2022-08-25','2023-03-18','4500','606.58','5107','5107','0','2','2023-03-18 11:25:37',NULL,1),(49,45,30,'24','2023-10-31','2023-03-18','4000','-597.04','3403','3403','0','2','2023-03-18 11:26:50',NULL,1),(57,8,7,'24','2022-10-06','2023-03-19','8500','916.60','9417','4000','5417','1','2023-03-19 11:36:09',NULL,1),(58,520,242,'24','2022-12-18','2023-03-19','50000','2991.78','52992','52992','0','2','2023-03-19 11:37:37',NULL,1),(61,521,243,'24','2022-12-20','2023-03-19','4000','234.08','4234','4234','0','2','2023-03-19 12:20:39',NULL,1),(64,333,156,'24','2021-03-17','2023-03-19','8000','3850.52','11851','11851','0','2','2023-03-19 12:27:58',NULL,1),(65,337,156,'24','2020-06-20','2023-03-19','5000','3294.25','8294','8294','0','2','2023-03-19 12:28:36',NULL,1),(66,338,156,'24','2021-10-12','2023-03-19','1000','343.89','1344','1344','0','2','2023-03-19 12:29:02',NULL,1),(74,538,254,'24','2023-01-29','2023-03-21','7000','234.74','7235','7235','0','2','2023-03-21 11:02:35',NULL,1),(75,201,106,'24','2021-02-15','2023-03-24','15000','7564.93','22565','22565','0','2','2023-03-24 10:26:00',NULL,1),(76,205,106,'24','2021-09-15','2023-03-24','50000','18246.58','68247','68247','0','2','2023-03-24 10:26:47',NULL,1),(77,205,106,'24','2021-09-15','2023-03-24','50000','18246.58','68247','68247','0','2','2023-03-24 10:26:47',NULL,1),(78,405,106,'24','2021-12-28','2023-03-24','13000','3855.12','16855','16855','0','2','2023-03-24 10:27:41',NULL,1),(79,477,106,'24','2022-05-08','2023-03-24','10000','2104.11','12104','12104','0','2','2023-03-24 10:29:12',NULL,1),(80,204,106,'24','2021-08-12','2023-03-24','12500','4841.10','17341','17341','0','2','2023-03-24 10:30:32',NULL,1),(83,625,297,'24','2023-03-05','2023-03-24','7000','87.45','7087','1020','6067','1','2023-03-24 10:38:03',NULL,1),(84,282,136,'24','2022-11-03','2023-03-24','7000','648.99','7649','7649','0','2','2023-03-24 10:42:38',NULL,1),(92,439,194,'24','2022-08-31','2023-03-25','14000','1896.33','15896','1897','13999','1','2023-03-25 11:29:11',NULL,1),(94,893,157,'24','2021-10-22','2023-03-25','13000','4436.38','17436','4920','12516','1','2023-03-25 11:32:40',NULL,1),(95,600,285,'24','2023-02-14','2023-03-26','35000','920.55','35921','35921','0','2','2023-03-26 22:33:05',NULL,1),(101,650,308,'24','2023-03-11','2023-03-28','7000','78.25','7078','7078','0','2','2023-03-28 10:17:49',NULL,1),(106,792,329,'24','2022-10-11','2023-03-29','10000','1111.23','11111','11111','0','2','2023-03-29 12:31:55',NULL,1),(107,793,329,'24','2022-10-23','2023-03-29','4000','412.93','4413','4413','0','2','2023-03-29 12:32:19',NULL,1),(112,506,231,'24','2022-11-22','2023-04-01','3000','256.44','3256','2500','756','1','2023-04-01 10:49:25',NULL,1),(113,483,220,'24','2022-10-26','2023-04-01','7000','722.63','7723','7723','0','2','2023-04-01 10:50:55',NULL,1),(114,464,208,'24','2022-09-12','2023-04-01','3000','396.49','3396','3396','0','2','2023-04-01 10:51:45',NULL,1),(118,505,230,'24','2022-11-19','2023-04-01','5000','437.26','5437','5437','0','2','2023-04-01 15:46:38',NULL,1),(121,143,77,'24','2020-02-07','2023-04-05','2000','1516.27','3516','3516','0','2','2023-04-05 00:14:29',NULL,1),(124,471,213,'24','2022-09-29','2023-04-05','15000','1854.25','16854','1854.25','15000','1','2023-04-05 00:24:23',NULL,1),(126,382,169,'24','2022-10-27','2023-04-05','5000','526.03','5526','5526','0','2','2023-04-05 00:30:17',NULL,1),(127,506,231,'24','2023-04-01','2023-04-05','756','1.99','758','758','0','2','2023-04-05 00:31:58',NULL,1),(133,484,221,'24','2022-10-27','2023-04-06','7000','741.04','7741','2400','5341','1','2023-04-06 10:25:36',NULL,1),(134,596,244,'24','2023-02-22','2023-04-06','18000','508.93','18509','18509','0','2','2023-04-06 20:45:00',NULL,1),(135,177,94,'24','2021-10-01','2023-04-07','1650','599.97','2250','2250','0','2','2023-04-07 11:05:54',NULL,1),(137,598,46,'24','2023-02-22','2023-04-07','7000','202.52','7203','7203','0','2','2023-04-07 11:30:34',NULL,1),(140,933,345,'24','2023-03-25','2023-04-09','7000','69.04','7069','7069','0','2','2023-04-09 22:45:41',NULL,1),(142,479,217,'24','2023-02-25','2023-04-09','12641','357.41','12998','1000','11998','1','2023-04-09 23:00:03',NULL,1),(145,634,95,'24','2023-03-07','2023-04-13','7000','170.30','7170','7170','0','2','2023-04-13 11:25:58',NULL,1),(147,484,221,'24','2023-04-06','2023-04-13','5341','24.58','5366','5366','0','2','2023-04-13 11:39:25',NULL,1),(149,553,267,'24','2023-01-30','2023-04-13','7500','360.00','7860','7860','0','2','2023-04-13 11:41:13',NULL,1),(150,554,267,'24','2023-02-04','2023-04-13','30000','1341.37','31341','31341','0','2','2023-04-13 11:41:26',NULL,1),(155,964,353,'24','2023-04-01','2023-04-13','15000','118.36','15118','15118','0','2','2023-04-13 11:57:45',NULL,1),(157,1003,360,'24','2023-04-08','2023-04-13','20000','65.75','20066','20066','0','2','2023-04-13 12:02:51',NULL,1),(161,190,100,'24','2020-06-13','2023-04-13','5000','3399.45','8399','8399','0','2','2023-04-13 12:06:31',NULL,1),(164,549,87,'24','2023-02-03','2023-04-16','19000','899.51','19900','19900','0','2','2023-04-16 11:28:56',NULL,1),(176,375,168,'24','2022-10-10','2023-04-20','4500','568.11','5068','5068','0','2','2023-04-20 00:28:22',NULL,1),(177,376,168,'24','2022-03-10','2023-04-20','22000','5873.10','27873','27873','0','2','2023-04-20 00:28:36',NULL,1),(193,652,309,'24','2023-03-11','2023-04-20','5000','131.51','5132','5132','0','2','2023-04-20 00:42:31',NULL,1),(195,922,342,'24','2023-03-24','2023-04-20','50000','887.67','50888','50888','0','2','2023-04-20 00:46:54',NULL,1),(198,519,241,'24','2022-12-14','2023-04-20','12000','1002.08','13002','1002.08','12000','1','2023-04-20 00:54:11',NULL,1),(199,209,108,'24','2021-10-10','2023-04-20','5000','1831.23','6831','1831.23','5000','1','2023-04-20 00:56:08',NULL,1),(200,211,108,'24','2021-10-21','2023-04-20','18000','6462.25','24462','6462.25','18000','1','2023-04-20 00:56:42',NULL,1),(201,212,108,'24','2021-10-31','2023-04-20','6500','2290.85','8791','8791','0','2','2023-04-20 00:57:10',NULL,1),(202,436,108,'24','2021-01-28','2023-04-20','12000','6407.01','18407','6407.01','12000','1','2023-04-20 00:57:38',NULL,1),(203,22,18,'24','2021-02-04','2023-04-20','4000','2117.26','6117','2117.26','4000','1','2023-04-20 00:58:39',NULL,1),(204,152,18,'24','2021-08-21','2023-04-20','17000','6785.10','23785','6785.10','17000','1','2023-04-20 00:59:41',NULL,1),(206,479,217,'24','2023-04-09','2023-04-22','11998','102.56','12101','1000','11101','1','2023-04-22 23:35:44',NULL,1),(209,721,212,'24','2022-08-27','2023-04-27','10000','1597.81','11598','11598','0','2','2023-04-27 10:29:43',NULL,1),(210,421,184,'24','2022-12-13','2023-04-27','4500','399.45','4899','4899','0','2','2023-04-27 10:37:23',NULL,1),(213,478,216,'24','2022-11-21','2023-04-27','20000','2064.66','22065','2065','20000','1','2023-04-27 10:46:52',NULL,1),(215,991,314,'24','2023-04-05','2023-04-27','15000','216.99','15217','15000','217','1','2023-04-27 10:53:24',NULL,1),(217,605,288,'24','2023-02-27','2023-04-28','35000','1380.82','36381','36381','0','2','2023-04-28 23:54:28',NULL,1),(218,973,355,'24','2023-04-02','2023-04-30','7000','128.88','7129','7129','0','2','2023-04-30 10:19:06',NULL,1),(222,263,129,'24','2022-04-05','2023-04-30','10000','2564.38','12564','2564.38','10000','1','2023-04-30 10:30:49',NULL,1),(225,1058,215,'24','2023-04-29','2023-05-03','10000','26.30','10026','2000','8026','1','2023-05-03 00:59:54',NULL,1),(230,539,255,'24','2023-01-11','2023-05-03','10000','736.44','10736','10736','0','2','2023-05-03 01:18:54',NULL,1),(231,25,20,'24','2022-10-11','2023-05-04','2000','269.59','2270','2270','0','2','2023-05-04 23:43:19',NULL,1),(232,213,109,'24','2020-04-16','2023-05-04','2000','1463.67','3464','3464','0','2','2023-05-04 23:44:03',NULL,1),(233,246,122,'24','2020-02-14','2023-05-04','4000','3090.41','7090','7090','0','2','2023-05-04 23:44:52',NULL,1),(234,247,122,'24','2023-01-13','2023-05-04','7000','510.90','7511','7511','0','2','2023-05-04 23:46:28',NULL,1),(236,617,294,'24','2023-03-03','2023-05-06','70000','2945.75','72946','72946','0','2','2023-05-06 00:52:57',NULL,1),(239,93,52,'24','2021-03-29','2023-05-07','8000','4045.15','12045','4045.15','8000','1','2023-05-07 16:35:45',NULL,1),(261,503,61,'24','2022-11-17','2023-05-14','11000','1287.45','12287','12287','0','2','2023-05-14 11:35:31',NULL,1),(262,735,98,'24','2022-07-04','2023-05-14','4000','825.86','4826','4826','0','2','2023-05-14 11:36:45',NULL,1),(263,736,98,'24','2022-11-01','2023-05-14','4000','510.25','4510','4510','0','2','2023-05-14 11:37:15',NULL,1),(264,185,98,'24','2022-12-19','2023-05-14','3000','288.00','3288','3288','0','2','2023-05-14 11:37:34',NULL,1),(265,491,98,'24','2022-11-02','2023-05-14','7500','951.78','8452','8452','0','2','2023-05-14 11:38:07',NULL,1),(266,688,24,'24','2022-12-21','2023-05-14','4000','378.74','4379','4379','0','2','2023-05-14 11:39:39',NULL,1),(267,689,24,'24','2023-01-25','2023-05-14','1000','71.67','1072','1072','0','2','2023-05-14 11:39:49',NULL,1),(272,245,121,'24','2022-07-23','2023-05-14','6000','1163.84','7164','7164','0','2','2023-05-14 12:32:20',NULL,1),(281,978,151,'24','2023-04-04','2023-05-14','3000','78.90','3079','3079','0','2','2023-05-14 12:51:54',NULL,1),(282,13,12,'24','2022-02-11','2023-05-14','10000','3004.93','13005','13005','0','2','2023-05-14 20:32:20',NULL,1),(299,1081,122,'24','2023-05-08','2023-05-19','3500','25.32','3525','3525','0','2','2023-05-19 11:19:22',NULL,1),(308,537,253,'24','2023-01-11','2023-05-28','15000','1351.23','16351','16351','0','2','2023-05-28 20:37:54',NULL,1),(309,537,253,'24','2023-01-11','2023-05-28','15000','1351.23','16351','16351','0','2','2023-05-28 20:37:57',NULL,1),(326,920,76,'24','2023-03-23','2023-05-28','2000','86.79','2087','1500','587','1','2023-05-28 21:37:54',NULL,1),(331,578,276,'24','2023-02-09','2023-05-28','20000','1420.27','21420','21420','0','2','2023-05-28 21:54:16',NULL,1),(343,1080,42,'24','2023-05-07','2023-06-05','4000','76.27','4076','2060','2016','1','2023-06-05 01:04:06',NULL,1),(347,949,264,'24','2023-03-29','2023-06-05','7000','312.99','7313','7313','0','2','2023-06-05 01:25:10',NULL,1),(360,1124,379,'24','2023-05-24','2023-06-07','5000','46.03','5046','5046','0','2','2023-06-07 11:58:17',NULL,1),(363,8,7,'24','2023-03-19','2023-06-08','5417','288.51','5706','5706','0','2','2023-06-08 11:03:14',NULL,1),(365,630,300,'24','2023-03-06','2023-06-08','14000','865.32','14865','14865','0','2','2023-06-08 11:05:16',NULL,1),(367,542,257,'24','2023-01-13','2023-06-11','5000','489.86','5490','5490','0','2','2023-06-11 20:21:04',NULL,1),(368,1134,381,'24','2023-05-27','2023-06-11','8000','78.90','8079','4079','4000','1','2023-06-11 20:22:13',NULL,1),(371,937,97,'24','2023-03-26','2023-06-11','11000','556.93','11557','11557','0','2','2023-06-11 20:28:42',NULL,1),(385,788,328,'24','2022-08-03','2023-06-17','5000','1045.48','6045','6045','0','2','2023-06-17 23:13:46',NULL,1),(386,787,328,'24','2022-08-01','2023-06-17','5000','1052.05','6052','3955','2097','1','2023-06-17 23:14:32',NULL,1),(390,1153,22,'24','2023-06-01','2023-06-17','5000','52.60','5053','5053','0','2','2023-06-17 23:31:16',NULL,1),(391,517,239,'24','2022-12-13','2023-06-17','25000','3057.53','28058','28058','0','2','2023-06-17 23:32:23',NULL,1),(392,769,157,'24','2022-12-09','2023-06-17','10000','1249.32','11249','6000','5249','1','2023-06-17 23:33:32',NULL,1),(393,948,350,'24','2023-03-29','2023-06-17','5000','263.01','5263','2263','3000','1','2023-06-17 23:34:37',NULL,1),(398,1154,246,'24','2023-06-01','2023-06-18','10000','111.78','10112','6400','3712','1','2023-06-18 00:05:44',NULL,1),(406,266,131,'24','2022-08-09','2023-06-25','5000','1052.05','6052','6052','0','2','2023-06-25 21:12:36',NULL,1),(407,814,333,'24','2023-03-21','2023-06-25','50000','3156.16','53156','8000','45156','1','2023-06-25 21:13:40',NULL,1),(408,510,232,'24','2023-02-02','2023-06-25','5000','470.14','5470','5470','0','2','2023-06-25 21:15:15',NULL,1),(411,422,185,'24','2022-04-11','2023-06-25','19000','5496.99','24497','24497','0','2','2023-06-25 21:22:50',NULL,1),(432,534,250,'24','2023-01-07','2023-07-02','7000','810.08','7810','7810','0','2','2023-07-02 20:09:23',NULL,1),(437,1228,198,'24','2023-06-21','2023-07-02','2000','14.47','2014','2014','0','2','2023-07-02 20:30:46',NULL,1),(438,1203,392,'24','2023-06-15','2023-07-02','8000','89.42','8089','5000','3089','1','2023-07-02 20:51:42',NULL,1),(442,394,173,'24','2022-09-10','2023-07-09','6000','1191.45','7191','7191','0','2','2023-07-09 21:09:38',NULL,1),(469,1264,222,'24','2023-07-05','2023-07-16','12000','86.79','12087','12087','0','2','2023-07-16 18:57:58',NULL,1),(472,998,359,'24','2022-02-26','2023-07-16','3000','996.16','3996','3996','0','2','2023-07-16 19:04:48',NULL,1),(496,137,74,'24','2021-10-21','2023-07-23','3500','1472.88','4973','1473','3500','1','2023-07-23 16:11:23',NULL,1),(497,136,74,'24','2022-05-22','2023-07-23','10000','2807.67','12808','2808','10000','1','2023-07-23 16:11:45',NULL,1),(498,135,74,'24','2019-12-05','2023-07-23','7500','6539.18','14039','6540','7499','1','2023-07-23 16:12:26',NULL,1),(532,1319,369,'24','2023-07-22','2023-07-29','4000','18.41','4018','4018','0','2','2023-07-29 10:47:23',NULL,1),(533,1320,409,'24','2023-07-22','2023-07-29','10000','46.03','10046','10046','0','2','2023-07-29 10:48:02',NULL,1),(577,970,120,'24','2023-04-01','2023-08-13','13000','1145.42','14145','5000','9145','1','2023-08-13 15:12:43',NULL,1),(649,603,287,'24','2023-02-25','2023-09-03','9000','1124.38','10124','10124','0','2','2023-09-03 15:02:32',NULL,1),(666,1332,282,'24','2023-07-26','2023-09-03','11000','282.08','11282','11282','0','2','2023-09-03 19:00:27',NULL,1),(672,1432,423,'24','2023-08-18','2023-09-03','10000','105.21','10105','3500','6605','1','2023-09-03 19:23:27',NULL,1),(679,994,28,'24','2023-04-05','2023-09-03','3500','347.51','3848','1650','2198','1','2023-09-03 21:12:35',NULL,1),(683,814,333,'24','2023-06-25','2023-09-03','45156','2078.41','47234','7200','40034','1','2023-09-03 21:15:45',NULL,1);
/*!40000 ALTER TABLE `activation_details` ENABLE KEYS */;
UNLOCK TABLES;

--
-- Table structure for table `customers`
--

DROP TABLE IF EXISTS `customers`;
/*!40101 SET @saved_cs_client     = @@character_set_client */;
/*!50503 SET character_set_client = utf8mb4 */;
CREATE TABLE `customers` (
  `id` int NOT NULL AUTO_INCREMENT,
  `full_name` varchar(50) DEFAULT NULL,
  `mobile_number` varchar(10) DEFAULT NULL,
  `id_proof` varchar(20) DEFAULT NULL,
  `gender` varchar(10) DEFAULT NULL,
  `age` int DEFAULT NULL,
  `address` varchar(200) DEFAULT NULL,
  `follow_date` date DEFAULT NULL,
  `follow_message` varchar(5000) DEFAULT NULL,
  `status` varchar(10) DEFAULT NULL,
  `created_at` varchar(30) DEFAULT NULL,
  `updated_at` varchar(30) DEFAULT NULL,
  `login_id` int DEFAULT NULL,
  PRIMARY KEY (`id`)
) ENGINE=InnoDB AUTO_INCREMENT=426;
/*!40101 SET character_set_client = @saved_cs_client */;

--
-- Dumping data for table `customers`
--

LOCK TABLES `customers` WRITE;
/*!40000 ALTER TABLE `customers` DISABLE KEYS */;
INSERT INTO `customers` VALUES (1,'SARAVANAN V PKU',NULL,'ADHAR','Male',32,'PADUKKAPATHU',NULL,NULL,'1','2023-02-05 17:17:22','2023-02-06 08:42:49',1),(2,'ANTHONIRAJ M SKU','9698223748','ADHAR','Male',28,'S/O MICHAEL NADAR \r\nSOKKANKUDIEWRUPPU',NULL,NULL,'1','2023-02-05 17:20:58','2023-02-06 08:43:39',1),(3,'JEGATHA',NULL,NULL,'Male',NULL,'SANKAR MAMIYAR',NULL,NULL,'1','2023-02-05 17:26:42','2023-03-12 22:02:26',1),(4,'ARIKRISHNAN PANAVILAI',NULL,NULL,'1',28,'PANAVILAI',NULL,NULL,'1','2023-02-05 17:32:53',NULL,1),(5,'kumarathithan ilaignar mantram',NULL,NULL,'Male',NULL,'PIRAMANAVILAI',NULL,NULL,'1','2023-02-05 17:38:19','2023-03-14 10:15:39',1),(6,'MADASAMI S/O SHUNMUGATHAI',NULL,NULL,'1',30,'MARAKKUDI',NULL,NULL,'1','2023-02-05 17:40:29',NULL,1),(7,'AMIRTHALINGAM V','8608860085',NULL,'Male',28,'USARATHUKUDIERUPPU',NULL,NULL,'1','2023-02-05 17:43:04','2023-02-05 17:46:11',1),(8,'MANOHARAN  S KUTTAM','9788125027',NULL,'Male',40,'KUTTAM',NULL,NULL,'1','2023-02-05 17:43:42','2023-02-06 08:44:45',1),(9,'KARTHI A',NULL,NULL,'1',48,'S/O ARUNASALAM, USARATHUKUDIERUPPU',NULL,NULL,'1','2023-02-05 17:52:23',NULL,1),(10,'JEYASEKAR PANAILAI',NULL,NULL,'Female',45,'PANAVILAI',NULL,NULL,'1','2023-02-06 08:48:09','2023-02-06 09:18:29',1),(11,'NAGARAJAN ESAKKI MARAKKUDI',NULL,NULL,'1',40,'MARAKKUDI',NULL,NULL,'1','2023-02-06 08:51:03',NULL,1),(12,'CHINNADURAI KASIPALAM',NULL,NULL,'1',35,'UKU',NULL,NULL,'1','2023-02-06 08:55:52',NULL,1),(13,'MUTHULINGAM S/O ISAKIMUTHU MUPAN','6379005993',NULL,'1',24,NULL,NULL,NULL,'1','2023-02-06 08:59:14',NULL,1),(14,'PETCHIAMMAL w/o sriraman  GHANDHIPURI','8015146869',NULL,'Male',NULL,NULL,NULL,NULL,'1','2023-02-06 09:02:32','2023-05-02 15:46:22',1),(15,'SATHISH KUMAR S/O MILA MURUGESAN',NULL,NULL,'1',28,NULL,NULL,NULL,'1','2023-02-06 09:07:50',NULL,1),(16,'AAVUDAIAMMAL W/O SUDALAIKAN MARAKUDI',NULL,NULL,'2',NULL,NULL,NULL,NULL,'1','2023-02-06 09:12:33',NULL,1),(17,'PULOMI KETTAVILAI',NULL,NULL,'Male',NULL,'KETTAVILAI',NULL,NULL,'1','2023-02-06 09:14:15','2023-02-06 09:18:19',1),(18,'MUTHUPANDI S/O ARUNACHALA THEVAR',NULL,NULL,'1',NULL,NULL,NULL,NULL,'1','2023-02-06 09:25:47',NULL,1),(19,'RAMASMY S/O ESAKI THEVAR','9344721148',NULL,'Male',NULL,NULL,NULL,NULL,'1','2023-02-06 09:28:18','2023-04-30 10:40:42',1),(20,'RAMESH S/O KANAGARAJ','9952162214',NULL,'1',22,NULL,NULL,NULL,'1','2023-02-06 09:31:47',NULL,1),(21,'SUGANYA W/O SARAVANAN',NULL,NULL,'2',NULL,NULL,NULL,NULL,'1','2023-02-06 09:33:58',NULL,1),(22,'SEETHA LAKSHMI MARAKKUDI',NULL,NULL,NULL,NULL,NULL,NULL,NULL,'1','2023-02-06 09:35:37','2023-06-07 11:39:29',1),(23,'VEL KETTAVILAI',NULL,NULL,'1',NULL,NULL,NULL,NULL,'1','2023-02-06 09:37:44',NULL,1),(24,'PETCHITHAI W/O VELU',NULL,NULL,'2',NULL,NULL,NULL,NULL,'1','2023-02-06 09:43:33',NULL,1),(25,'MAGESWARI W/O SUDALAI',NULL,NULL,'2',NULL,NULL,NULL,NULL,'1','2023-02-06 11:27:03',NULL,1),(26,'NARAYANAKANI ,RAJALAKSHMI THARMAR MAINI',NULL,NULL,'2',NULL,NULL,NULL,NULL,'1','2023-02-06 11:30:47',NULL,1),(27,'SELVARAJ S/O PERIYA YAGAPPAR',NULL,NULL,'1',NULL,NULL,NULL,NULL,'1','2023-02-06 11:32:42',NULL,1),(28,'RUBAN S/O SELVARAJ SOKKANKUDIERUPPU',NULL,NULL,'1',29,'SOKKANKUDIERUPPU',NULL,NULL,'1','2023-02-06 11:39:10',NULL,1),(29,'JEBA SELVI','6381606510',NULL,'2',NULL,NULL,NULL,NULL,'1','2023-02-06 11:50:50',NULL,1),(30,'SAROJA W/O GANESAN',NULL,NULL,'2',NULL,NULL,NULL,NULL,'1','2023-02-06 11:52:19',NULL,1),(31,'NAMACHIVAYAM',NULL,NULL,'1',NULL,NULL,NULL,NULL,'1','2023-02-06 11:54:40',NULL,1),(32,'VEL MARAKKUDI',NULL,NULL,'1',NULL,NULL,NULL,NULL,'1','2023-02-06 11:57:36',NULL,1),(33,'MUTHUSELVI D/O SIVA MURUGAN',NULL,NULL,'Female',NULL,'SANTHAN WIFE MULAM',NULL,NULL,'1','2023-02-06 12:00:26','2023-02-06 12:00:52',1),(34,'SAKTHI KANI W/O RAJadurai SAMIAR UKU',NULL,NULL,'Female',NULL,'USARATHUKUDIERUPPU',NULL,NULL,'1','2023-02-06 12:03:02','2023-04-16 11:34:00',1),(35,'MUTHU LAKSHMI D/O PARVATHY',NULL,NULL,'2',NULL,NULL,NULL,NULL,'1','2023-02-06 12:04:27',NULL,1),(36,'MARIDURAI H/O MUTHULAKSHMI,PARVATHY',NULL,NULL,'1',NULL,NULL,NULL,NULL,'1','2023-02-06 12:09:48',NULL,1),(37,'SELVAKUMAR CHETTIVILAI KARO SOUP',NULL,NULL,'1',NULL,'CHETTIVILAI',NULL,NULL,'1','2023-02-06 12:11:35',NULL,1),(38,'ARUMUGAM S/O ANAINTHA PERUMAL MARAKKUDI',NULL,NULL,'1',NULL,'MARAKKUDI',NULL,NULL,'1','2023-02-06 12:18:47',NULL,1),(39,'MUTHUPANDI S/O DURAIRAJ SKU',NULL,NULL,'1',NULL,'SOKKANKUDIERUPPU',NULL,NULL,'1','2023-02-06 12:20:39',NULL,1),(40,'REKA  UKU D/O MUKKAMMAL MURUGESAN',NULL,NULL,'2',NULL,'USARATHUKUDIERUPPU',NULL,NULL,'1','2023-02-06 12:25:12',NULL,1),(41,'MUTHURAMAN K',NULL,NULL,'1',NULL,NULL,NULL,NULL,'1','2023-02-06 13:19:42',NULL,1),(42,'GANESAN PKU F/O G.K',NULL,NULL,'1',NULL,'PADUKKAPATHU',NULL,NULL,'1','2023-02-06 13:27:28',NULL,1),(43,'THINAKARAN PKU',NULL,NULL,'1',NULL,NULL,NULL,NULL,'1','2023-02-06 13:28:20',NULL,1),(44,'SUDALAI MUTHUKANI KETTAVILAI',NULL,NULL,'2',NULL,NULL,NULL,NULL,'1','2023-02-06 13:29:56',NULL,1),(45,'MUTHUKUMAR S/O SIVAN THEVAR',NULL,NULL,'1',NULL,NULL,NULL,NULL,'1','2023-02-06 13:33:56',NULL,1),(46,'GRESI @ IRUTHAYA MARY',NULL,NULL,'2',NULL,NULL,NULL,NULL,'1','2023-02-06 13:35:47',NULL,1),(47,'PUSHPAVALLI KANTHAPURAM',NULL,NULL,'2',NULL,NULL,NULL,NULL,'1','2023-02-06 13:37:24',NULL,1),(48,'kasthuri ammanpuram',NULL,NULL,'2',NULL,NULL,NULL,NULL,'1','2023-02-06 13:42:00',NULL,1),(49,'MOOkkammal w/o murugesan uku',NULL,NULL,'Male',NULL,NULL,NULL,NULL,'1','2023-02-06 13:45:03','2023-02-12 09:45:25',1),(50,'UTHAYAKUMAR UKU',NULL,NULL,'1',NULL,NULL,NULL,NULL,'1','2023-02-06 13:47:18',NULL,1),(51,'PETCHIMUTHU S/O MUTHUKUMAR',NULL,NULL,'1',NULL,NULL,NULL,NULL,'1','2023-02-06 13:50:15',NULL,1),(52,'KASTHURI W/O GANESAN',NULL,NULL,'2',NULL,NULL,NULL,NULL,'1','2023-02-06 13:52:25',NULL,1),(53,'JEYARAJAKANI',NULL,NULL,'2',NULL,NULL,NULL,NULL,'1','2023-02-06 13:54:13',NULL,1),(54,'JEBA ROSLIN',NULL,NULL,'2',NULL,NULL,NULL,NULL,'1','2023-02-06 13:57:27',NULL,1),(55,'MAYANDI PUTHUKOTTAI',NULL,NULL,'1',NULL,NULL,NULL,NULL,'1','2023-02-06 13:58:48',NULL,1),(56,'CHITHIRAILINGAM WIFE',NULL,NULL,'2',NULL,NULL,NULL,NULL,'1','2023-02-06 14:04:58',NULL,1),(57,'PETER SOKKANKUDIERUPPU',NULL,NULL,'1',NULL,NULL,NULL,NULL,'1','2023-02-06 14:06:53',NULL,1),(58,'RAMALAKSHMI THATTARMADAM',NULL,NULL,'2',NULL,NULL,NULL,NULL,'1','2023-02-06 14:08:24',NULL,1),(59,'THIRUMAL.M',NULL,NULL,'1',NULL,NULL,NULL,NULL,'1','2023-02-06 15:10:06',NULL,1),(60,'PRABAKARAN VIDEO KOLUNTHATTU',NULL,NULL,'1',NULL,NULL,NULL,NULL,'1','2023-02-06 15:11:38',NULL,1),(61,'BALAKRISHNAN.R',NULL,NULL,'Male',NULL,NULL,NULL,NULL,'1','2023-02-06 15:13:25','2023-02-07 18:23:14',1),(62,'SUDALAINATHAN',NULL,NULL,'1',NULL,NULL,NULL,NULL,'1','2023-02-06 15:18:07',NULL,1),(63,'thamayanthi pethi',NULL,NULL,'2',NULL,NULL,NULL,NULL,'1','2023-02-06 15:26:41',NULL,1),(64,'BALA SUBRAMANIAM S/O ATHIMULAM PKU',NULL,NULL,'Male',NULL,NULL,NULL,NULL,'1','2023-02-06 15:28:58','2023-02-06 15:29:39',1),(65,'RAJA S/O PALAVESAM PKU',NULL,NULL,'1',NULL,NULL,NULL,NULL,'1','2023-02-06 15:30:55',NULL,1),(66,'MUTHURANI ELLUVILAI',NULL,NULL,'2',NULL,NULL,NULL,NULL,'1','2023-02-06 15:32:43',NULL,1),(67,'MUTHU LAKSHMI PUTHUKOTTAI',NULL,NULL,'2',NULL,NULL,NULL,NULL,'1','2023-02-06 15:38:13',NULL,1),(68,'PERIYAPRATTI PKU',NULL,NULL,'2',NULL,NULL,NULL,NULL,'1','2023-02-06 15:40:15',NULL,1),(69,'THANGAKANI W/O SANGARAN',NULL,NULL,'2',NULL,NULL,NULL,NULL,'1','2023-02-06 15:44:47',NULL,1),(70,'ESAKKIMUTHU PA',NULL,NULL,'1',NULL,NULL,NULL,NULL,'1','2023-02-06 15:46:37',NULL,1),(71,'MUTHUPANDI PKU LINGAM SITHAPPA',NULL,NULL,'1',NULL,NULL,NULL,NULL,'1','2023-02-06 15:48:05',NULL,1),(72,'SELVAM MARAKKUDI',NULL,NULL,'1',NULL,NULL,NULL,NULL,'1','2023-02-06 15:49:14',NULL,1),(73,'SUDALAI S/O AMMALKANI',NULL,NULL,'1',NULL,NULL,NULL,NULL,'1','2023-02-06 15:50:38',NULL,1),(74,'SHANTHI KOMMADIKOTTAI',NULL,NULL,'2',NULL,NULL,NULL,NULL,'1','2023-02-06 15:52:07',NULL,1),(75,'SIVA S/O SUDALAIMANI UKU',NULL,NULL,'1',NULL,NULL,NULL,NULL,'1','2023-02-06 15:57:10',NULL,1),(76,'RANJANI W/O MUTHU SELVAN UKU',NULL,NULL,'2',NULL,NULL,NULL,NULL,'1','2023-02-06 15:58:41',NULL,1),(77,'CHELLAIYA',NULL,NULL,'1',NULL,NULL,NULL,NULL,'1','2023-02-06 16:01:14',NULL,1),(78,'THASAN SOKKANKUDIERUPPU',NULL,NULL,'1',NULL,NULL,NULL,NULL,'1','2023-02-06 16:02:33',NULL,1),(79,'CHITHIRAI THEVAR',NULL,NULL,'1',NULL,NULL,NULL,NULL,'1','2023-02-06 16:04:08',NULL,1),(80,'CHITHIRAI THEVAR',NULL,NULL,'1',NULL,NULL,NULL,NULL,'1','2023-02-06 16:04:08',NULL,1),(81,'MURUGAN.C S/O CHITHIRAI THEVAR',NULL,NULL,'1',NULL,NULL,NULL,NULL,'1','2023-02-06 16:06:34',NULL,1),(82,'RAMESH THA',NULL,NULL,'1',NULL,NULL,NULL,NULL,'1','2023-02-06 16:12:10',NULL,1),(83,'MARIAMMAL W/O SUDALAIKAN',NULL,NULL,'2',NULL,NULL,NULL,NULL,'1','2023-02-06 16:13:51',NULL,1),(84,'LAKSHMI W/O VEERA PUTHIRAN',NULL,NULL,'2',NULL,NULL,NULL,NULL,'1','2023-02-06 16:16:42',NULL,1),(85,'PETCHIAMMAL W/O CHINNADURAI',NULL,NULL,'2',NULL,NULL,NULL,NULL,'1','2023-02-06 16:21:12',NULL,1),(86,'RAMA SUBRAMANIAN S/O SUYAMBU',NULL,NULL,'1',NULL,NULL,NULL,NULL,'1','2023-02-06 16:28:29',NULL,1),(87,'THALAVAI PKU S/O  KADARKARAI',NULL,NULL,'1',NULL,NULL,NULL,NULL,'1','2023-02-06 16:32:42',NULL,1),(88,'THALAVAI S/O PONNU THEVAR',NULL,NULL,'1',NULL,NULL,NULL,NULL,'1','2023-02-06 16:34:56',NULL,1),(89,'PERIYASAMY A  S/O ARUMUGAM',NULL,NULL,'1',NULL,NULL,NULL,NULL,'1','2023-02-06 16:36:41',NULL,1),(90,'LINGARAJ  ESAKKIMUTHU MARUMAGAN',NULL,NULL,'1',NULL,NULL,NULL,NULL,'1','2023-02-06 16:39:05',NULL,1),(91,'ESAKKIMUTHU MUPPAN',NULL,NULL,'1',NULL,NULL,NULL,NULL,'1','2023-02-06 16:41:48',NULL,1),(92,'MARIAMMAL THALAYARI',NULL,NULL,'2',NULL,NULL,NULL,NULL,'1','2023-02-06 16:44:34',NULL,1),(93,'PAL SUDALAI',NULL,NULL,'1',NULL,NULL,NULL,NULL,'1','2023-02-06 16:47:13',NULL,1),(94,'KALAISELVAN UKU',NULL,NULL,'1',NULL,NULL,NULL,NULL,'1','2023-02-06 16:51:39',NULL,1),(95,'SURESH PKU',NULL,NULL,'1',NULL,NULL,NULL,NULL,'1','2023-02-06 16:56:05',NULL,1),(96,'SURESH VEYILUKANDAMMANPURAM',NULL,NULL,'1',NULL,NULL,NULL,NULL,'1','2023-02-06 16:58:51',NULL,1),(97,'RATHA  UKU W/O MURUGAN',NULL,NULL,'2',NULL,NULL,NULL,NULL,'1','2023-02-06 17:00:23',NULL,1),(98,'PETCHITHAI W/O POCKET MURUGAN',NULL,NULL,'2',NULL,NULL,NULL,NULL,'1','2023-02-06 17:05:43',NULL,1),(99,'SELVIN THARMASEELAM',NULL,NULL,'Male',NULL,'THATTARMADAM',NULL,NULL,'1','2023-02-06 17:07:57','2023-02-07 13:27:04',1),(100,'MUTHAMMAL MARAKKUDI',NULL,NULL,'2',NULL,NULL,NULL,NULL,'1','2023-02-06 17:12:03',NULL,1),(101,'MUTHULAKSHMI W/O ARUMUGA THEVAR',NULL,NULL,'2',NULL,NULL,NULL,NULL,'1','2023-02-06 17:34:52',NULL,1),(102,'THEVI MARAKKUDI',NULL,NULL,'2',NULL,NULL,NULL,NULL,'1','2023-02-06 17:36:31',NULL,1),(103,'THANGA ESWARAN PKU',NULL,NULL,'1',NULL,NULL,NULL,NULL,'1','2023-02-06 17:39:51',NULL,1),(104,'ESAKKI S/O CHELLAIYA THEVAR',NULL,NULL,'1',NULL,NULL,NULL,NULL,'1','2023-02-06 17:41:52',NULL,1),(105,'RAJALAKSHMI  SON PKU',NULL,NULL,'Male',NULL,NULL,NULL,NULL,'1','2023-02-06 17:44:20','2023-02-06 17:44:35',1),(106,'MURUGARAJ P',NULL,NULL,'1',NULL,NULL,NULL,NULL,'1','2023-02-06 17:46:14',NULL,1),(107,'SUGANYA W/O THILLAIRAJ',NULL,NULL,'Male',NULL,NULL,NULL,NULL,'1','2023-02-06 17:56:12','2023-03-19 12:35:30',1),(108,'SELVAM  W/O DURAI UKU',NULL,NULL,'2',NULL,NULL,NULL,NULL,'1','2023-02-06 18:33:38',NULL,1),(109,'KANAGARAJ D',NULL,NULL,'1',NULL,NULL,NULL,NULL,'1','2023-02-06 18:36:41',NULL,1),(110,'VELLADURAI THATTARMADAM',NULL,NULL,'1',NULL,NULL,NULL,NULL,'1','2023-02-06 18:38:00',NULL,1),(111,'MURUGANANTHAM THOPPUVILAI',NULL,NULL,'1',NULL,NULL,NULL,NULL,'1','2023-02-06 18:41:12',NULL,1),(112,'VIMALA MADASAMY',NULL,NULL,'2',NULL,NULL,NULL,NULL,'1','2023-02-06 18:44:26',NULL,1),(113,'MUTHUKUMAR S/O UTHAYAKUMAR',NULL,NULL,'1',NULL,'( KUTTAM SUBRAMANIAN GRANDSON)',NULL,NULL,'1','2023-02-06 18:47:36',NULL,1),(114,'MURUGAN M  S/O AYYAKUTTY',NULL,NULL,'1',NULL,NULL,NULL,NULL,'1','2023-02-06 18:50:42',NULL,1),(115,'SATHYA W/O VIVEGANANTHAN',NULL,NULL,'2',NULL,NULL,NULL,NULL,'1','2023-02-06 18:52:42',NULL,1),(116,'VEERATHAI W/O NARAYANATHEVAR','7904027732',NULL,'Female',NULL,'MARAKKUDI',NULL,NULL,'1','2023-02-06 18:55:11','2023-05-03 01:21:52',1),(117,'SAKTHIKUMAR  S/O GANESAN',NULL,NULL,'1',NULL,NULL,NULL,NULL,'1','2023-02-06 18:56:25',NULL,1),(118,'KASIKANI MURUKKU',NULL,NULL,'2',NULL,NULL,NULL,NULL,'1','2023-02-06 18:59:52',NULL,1),(119,'MUTHULAKSHMI W/O RAGAVAN ELLUVILAI',NULL,NULL,'2',NULL,NULL,NULL,NULL,'1','2023-02-06 19:04:26',NULL,1),(120,'RAJALAKSHMI THARMAR',NULL,NULL,'2',NULL,NULL,NULL,NULL,'1','2023-02-06 19:09:36',NULL,1),(121,'PRAVINA',NULL,NULL,'2',NULL,NULL,NULL,NULL,'1','2023-02-06 19:12:52',NULL,1),(122,'SRITHAR RAJA',NULL,NULL,'1',NULL,NULL,NULL,NULL,'1','2023-02-06 19:20:34',NULL,1),(123,'KARTHI A',NULL,NULL,'1',NULL,NULL,NULL,NULL,'1','2023-02-06 19:49:55',NULL,1),(124,'SURESH H/O JEEVITHA',NULL,NULL,'1',NULL,NULL,NULL,NULL,'1','2023-02-06 19:52:12',NULL,1),(125,'VELMURUGAN P',NULL,NULL,'1',NULL,NULL,NULL,NULL,'1','2023-02-06 19:53:20',NULL,1),(126,'SENTHURKANI PALRAJ',NULL,NULL,'2',NULL,NULL,NULL,NULL,'1','2023-02-06 19:57:10',NULL,1),(127,'SURESH S/O GANESAPANDI PANAVILAI',NULL,NULL,'1',NULL,NULL,NULL,NULL,'1','2023-02-06 19:58:46',NULL,1),(128,'LAKSHMI W/O SAKTHIVEL UKU',NULL,NULL,'2',NULL,NULL,NULL,NULL,'1','2023-02-06 20:00:34',NULL,1),(129,'SASIKALA W/O MURUGESAN PALLIPATHU',NULL,NULL,'2',NULL,NULL,NULL,NULL,'1','2023-02-06 20:05:14',NULL,1),(130,'MAHALINGAM KALLULI',NULL,NULL,'1',NULL,NULL,NULL,NULL,'1','2023-02-06 20:07:01',NULL,1),(131,'PUTHUKULATHAR',NULL,NULL,'1',NULL,NULL,NULL,NULL,'1','2023-02-06 20:09:41',NULL,1),(132,'SEELA',NULL,NULL,'2',NULL,NULL,NULL,NULL,'1','2023-02-06 20:10:50',NULL,1),(133,'PADMA W/O JEYAMURUGAN',NULL,NULL,'Female',NULL,NULL,NULL,NULL,'1','2023-02-06 20:12:32','2023-02-08 18:59:03',1),(134,'ANANTHARAJ P',NULL,NULL,'1',NULL,NULL,NULL,NULL,'1','2023-02-06 20:20:28',NULL,1),(135,'SUDALAIMUTHU THEVAR S/O KOMBAIYA',NULL,NULL,'Male',NULL,'MARAKKUDI',NULL,NULL,'1','2023-02-06 20:23:24','2023-02-06 20:25:32',1),(136,'VEERATHAI W/O CHITHIRAI THEVAR',NULL,NULL,'2',NULL,'MARAKKUDI',NULL,NULL,'1','2023-02-06 20:26:30',NULL,1),(137,'GNANA XAVIER',NULL,NULL,'1',NULL,NULL,NULL,NULL,'1','2023-02-06 20:29:03',NULL,1),(138,'ASHOK V',NULL,NULL,'1',NULL,NULL,NULL,NULL,'1','2023-02-06 20:31:27',NULL,1),(139,'SUYAMBU AMMANPURAM',NULL,NULL,'1',NULL,NULL,NULL,NULL,'1','2023-02-06 20:32:59',NULL,1),(140,'MANTHIRAM ILANGAMANI',NULL,NULL,'1',NULL,NULL,NULL,NULL,'1','2023-02-06 20:34:52',NULL,1),(141,'MUTHUKANI D/O SURYAKUMARI',NULL,NULL,'2',NULL,NULL,NULL,NULL,'1','2023-02-06 20:36:23',NULL,1),(142,'PETCHITHAI W/O PETCHIMUTHU THEVAR',NULL,NULL,'2',NULL,NULL,NULL,NULL,'1','2023-02-07 09:51:05',NULL,1),(143,'JEYARANI PKU',NULL,NULL,'2',NULL,NULL,NULL,NULL,'1','2023-02-07 09:55:10',NULL,1),(144,'MURUGESWARI D/O VETRIVEL',NULL,NULL,'2',NULL,NULL,NULL,NULL,'1','2023-02-07 10:15:25',NULL,1),(145,'RAMALAKSHMI BIRAMANAVILAI',NULL,NULL,'2',NULL,NULL,NULL,NULL,'1','2023-02-07 10:17:03',NULL,1),(146,'JEYA LAKSHMI PKU',NULL,NULL,'2',NULL,NULL,NULL,NULL,'1','2023-02-07 10:18:15',NULL,1),(147,'VIJAYALAKSHMI PATTU PKU',NULL,NULL,'2',NULL,NULL,NULL,NULL,'1','2023-02-07 10:25:08',NULL,1),(148,'KASIPALAM PA',NULL,NULL,'1',NULL,NULL,NULL,NULL,'1','2023-02-07 10:27:08',NULL,1),(149,'SUGIRTHA PERUMALPURAM',NULL,NULL,'2',NULL,NULL,NULL,NULL,'1','2023-02-07 10:35:24',NULL,1),(150,'RAJAVEL PERUMALPURAM',NULL,NULL,'1',NULL,NULL,NULL,NULL,'1','2023-02-07 10:40:06',NULL,1),(151,'ESAKKIAMMAL SU',NULL,NULL,'2',NULL,NULL,NULL,NULL,'1','2023-02-07 10:42:02',NULL,1),(152,'MUTHU PARVATHY',NULL,NULL,'2',NULL,NULL,NULL,NULL,'1','2023-02-07 10:43:12',NULL,1),(153,'ESWARAN S/O THARMAR PKU',NULL,NULL,'1',NULL,NULL,NULL,NULL,'1','2023-02-07 10:48:34',NULL,1),(154,'VANITHA W/O KUMARESAN',NULL,NULL,'2',NULL,'PUTHANTHARUVAI',NULL,NULL,'1','2023-02-07 10:50:53',NULL,1),(155,'CHITHIRAI GANESAN.M',NULL,NULL,'1',NULL,NULL,NULL,NULL,'1','2023-02-07 10:52:29',NULL,1),(156,'SARAVANAKUMAR S/O THARMAR',NULL,NULL,'1',NULL,NULL,NULL,NULL,'1','2023-02-07 10:54:54',NULL,1),(157,'TAMILSELVI SU',NULL,NULL,'Male',NULL,NULL,NULL,NULL,'1','2023-02-07 11:39:27','2023-03-18 11:25:58',1),(158,'RAMU  S/O RAJAMANI NADAR',NULL,NULL,'1',NULL,NULL,NULL,NULL,'1','2023-02-07 11:48:01',NULL,1),(159,'SIVAKRISHNAN PUCHIKADU','9361887662',NULL,NULL,NULL,NULL,NULL,NULL,'1','2023-02-07 11:52:49','2023-06-25 21:32:12',1),(160,'SIVAGAMI W/O KITTU',NULL,NULL,'2',NULL,NULL,NULL,NULL,'1','2023-02-07 11:56:02',NULL,1),(161,'MOHAN',NULL,NULL,'1',NULL,NULL,NULL,NULL,'1','2023-02-07 11:57:08',NULL,1),(162,'SANKAR GANESH',NULL,NULL,'1',NULL,NULL,NULL,NULL,'1','2023-02-07 12:02:47',NULL,1),(163,'PERIYASAMY.A S/O SUBRAMANIA NADAR',NULL,NULL,'1',NULL,'MODI NAGAR',NULL,NULL,'1','2023-02-07 12:05:29',NULL,1),(164,'SUDALI W/O VELVET',NULL,NULL,'2',NULL,NULL,NULL,NULL,'1','2023-02-07 12:07:14',NULL,1),(165,'SURYAKUMARI UKU',NULL,NULL,'2',NULL,NULL,NULL,NULL,'1','2023-02-07 12:12:09',NULL,1),(166,'SELVI W/O SANGARA NARAYANAN',NULL,NULL,'2',NULL,NULL,NULL,NULL,'1','2023-02-07 12:14:54',NULL,1),(167,'VIJAYALAKSHMI W/O SURESH',NULL,NULL,'2',NULL,NULL,NULL,NULL,'1','2023-02-07 12:25:29',NULL,1),(168,'MUTHUSELVI W/O KATHIRVEL',NULL,NULL,'2',NULL,NULL,NULL,NULL,'1','2023-02-07 12:30:57',NULL,1),(169,'ARUMUGAKANI',NULL,NULL,'2',NULL,NULL,NULL,NULL,'1','2023-02-07 12:33:40',NULL,1),(170,'SURESHKUMAR PERIYATHALAI',NULL,NULL,'1',NULL,NULL,NULL,NULL,'1','2023-02-07 12:39:07',NULL,1),(171,'SORNAPANDI',NULL,NULL,'1',NULL,NULL,NULL,NULL,'1','2023-02-07 12:45:38',NULL,1),(172,'ANNAFLORA KETTAVILAI',NULL,NULL,'2',NULL,NULL,NULL,NULL,'1','2023-02-07 12:47:42',NULL,1),(173,'SINGA',NULL,NULL,'1',NULL,NULL,NULL,NULL,'1','2023-02-07 12:50:24',NULL,1),(174,'SHANTHI W/O PANDI',NULL,NULL,'2',NULL,NULL,NULL,NULL,'1','2023-02-07 12:59:17',NULL,1),(175,'KUMAR @ RAMKUMAR S/O PANDI',NULL,NULL,'1',NULL,'PADUKKAPATHU',NULL,NULL,'1','2023-02-07 13:02:17',NULL,1),(176,'SUDALAIKANNU S/O KUMAR THEVAR',NULL,NULL,'1',NULL,NULL,NULL,NULL,'1','2023-02-07 13:07:37',NULL,1),(177,'MURUGAN S/O SUPPUTHAI',NULL,NULL,'Male',NULL,NULL,NULL,NULL,'1','2023-02-07 13:10:03','2023-02-07 13:10:44',1),(178,'SARASVATHI ELLUVILAI',NULL,NULL,'2',NULL,NULL,NULL,NULL,'1','2023-02-07 13:14:11',NULL,1),(179,'MUTHUKUMAR S/O THANGARAJ',NULL,NULL,'1',NULL,'THOPPUVILAI',NULL,NULL,'1','2023-02-07 13:16:26',NULL,1),(180,'VELMURUGAN KO',NULL,NULL,'1',NULL,NULL,NULL,NULL,'1','2023-02-07 13:17:42',NULL,1),(181,'JAMILA W/O RAJADURAI PUTHANTHARUVAI',NULL,NULL,'2',NULL,NULL,NULL,NULL,'1','2023-02-07 13:19:22',NULL,1),(182,'MANTHIRAMURTHI SOKKANKUDIERUPPU',NULL,NULL,'1',NULL,NULL,NULL,NULL,'1','2023-02-07 13:21:30',NULL,1),(183,'THANGA SUNDARI PKU',NULL,NULL,'Male',NULL,NULL,NULL,NULL,'1','2023-02-07 13:23:11','2023-02-25 09:04:26',1),(184,'VASANTHAKUMARI S/O ARIRAMAN',NULL,NULL,'2',NULL,NULL,NULL,NULL,'1','2023-02-07 13:27:42',NULL,1),(185,'ALPHONSRAJ KETTAVILAI',NULL,NULL,'1',NULL,NULL,NULL,NULL,'1','2023-02-07 13:29:59',NULL,1),(186,'ramalakshmi w/o perumal marakkudi',NULL,NULL,'2',NULL,NULL,NULL,NULL,'1','2023-02-07 13:31:42',NULL,1),(187,'chithirai s/o velammal',NULL,NULL,'1',NULL,'kettavilai',NULL,NULL,'1','2023-02-07 13:35:08',NULL,1),(188,'MAGESWARAN S/O PONNAMBALAM',NULL,NULL,'1',NULL,NULL,NULL,NULL,'1','2023-02-07 13:38:12',NULL,1),(189,'JEYABAL AMMA UKU',NULL,NULL,'2',NULL,NULL,NULL,NULL,'1','2023-02-07 13:39:22',NULL,1),(190,'INDRA W/O MURUGAN',NULL,NULL,'2',NULL,NULL,NULL,NULL,'1','2023-02-07 13:41:10',NULL,1),(191,'SURESH S/O SUPPAIYA MARAKKUDI',NULL,NULL,'1',NULL,NULL,NULL,NULL,'1','2023-02-07 13:42:54',NULL,1),(192,'JANARTHAN KARANGADU',NULL,NULL,'1',NULL,NULL,NULL,NULL,'1','2023-02-07 13:47:47',NULL,1),(193,'SUDALAIMUTHU S/O VEL',NULL,NULL,'1',NULL,NULL,NULL,NULL,'1','2023-02-07 13:51:38',NULL,1),(194,'SIVANTHIKANI SATHUNAVU',NULL,NULL,'2',NULL,NULL,NULL,NULL,'1','2023-02-07 13:53:20',NULL,1),(195,'JEYALAKSHMI.A W/O ARUMUGARAJ UKU',NULL,NULL,'2',NULL,NULL,NULL,NULL,'1','2023-02-07 13:56:38',NULL,1),(196,'JOTHI KETTAVILAI',NULL,NULL,'2',NULL,NULL,NULL,NULL,'1','2023-02-07 13:59:27',NULL,1),(197,'durailingam s',NULL,NULL,'1',NULL,NULL,NULL,NULL,'1','2023-02-07 17:06:07',NULL,1),(198,'chandra marakkudi',NULL,NULL,'1',NULL,NULL,NULL,NULL,'1','2023-02-07 17:09:36',NULL,1),(199,'balammal w/o muthukumar pku',NULL,NULL,'2',NULL,NULL,NULL,NULL,'1','2023-02-07 17:11:54',NULL,1),(200,'selvapakiam pku',NULL,NULL,'2',NULL,NULL,NULL,NULL,'1','2023-02-07 17:13:23',NULL,1),(201,'muthu parameswari ganghipuri',NULL,NULL,'2',NULL,NULL,NULL,NULL,'1','2023-02-07 17:19:09',NULL,1),(202,'MURUGAN.T NADUVAKURICHI',NULL,NULL,'1',NULL,NULL,NULL,NULL,'1','2023-02-07 17:21:05',NULL,1),(203,'LATHA D/O SUYAMBU',NULL,NULL,'2',NULL,NULL,NULL,NULL,'1','2023-02-07 17:22:40',NULL,1),(204,'muthu ilavarasan s/o karuppasamy',NULL,NULL,'1',NULL,'marakkudi',NULL,NULL,'1','2023-02-07 17:24:17',NULL,1),(205,'salet mary',NULL,NULL,'2',NULL,NULL,NULL,NULL,'1','2023-02-07 17:25:52',NULL,1),(206,'LINGAM.S',NULL,NULL,'1',NULL,NULL,NULL,NULL,'1','2023-02-07 17:28:25',NULL,1),(207,'PONRAJA KALLAMOLI',NULL,NULL,'1',NULL,NULL,NULL,NULL,'1','2023-02-07 17:30:22',NULL,1),(208,'KANNAN S/O VAIRAVAN AMMANPURAM',NULL,NULL,'1',NULL,NULL,NULL,NULL,'1','2023-02-07 17:32:09',NULL,1),(209,'SELVI D/O PULAMMAL',NULL,NULL,'2',NULL,NULL,NULL,NULL,'1','2023-02-07 17:33:30',NULL,1),(210,'THANGARAJA S/O PALAVESAM',NULL,NULL,'1',NULL,NULL,NULL,NULL,'1','2023-02-07 17:36:42',NULL,1),(211,'PULAMMAL',NULL,NULL,'2',NULL,NULL,NULL,NULL,'1','2023-02-07 17:37:56',NULL,1),(212,'RAMASUBRAMANIAN S/O SUYAMBU',NULL,NULL,'1',NULL,NULL,NULL,NULL,'1','2023-02-07 17:39:27',NULL,1),(213,'NAVARATHINA NAYAKI PKU',NULL,NULL,'2',NULL,NULL,NULL,NULL,'1','2023-02-07 17:40:40',NULL,1),(214,'VARATHALAKSHMI (GEETHA) D/O RAMACHANDRAN',NULL,NULL,'Female',NULL,'UKU',NULL,NULL,'1','2023-02-07 17:42:52','2023-02-07 17:43:10',1),(215,'SUPPAMMAL PKU',NULL,NULL,'2',NULL,NULL,NULL,NULL,'1','2023-02-07 17:44:51',NULL,1),(216,'JEYAM VELKANI',NULL,NULL,'2',NULL,NULL,NULL,NULL,'1','2023-02-07 17:49:09',NULL,1),(217,'DAYANA PERIYATHALAI',NULL,NULL,'2',NULL,NULL,NULL,NULL,'1','2023-02-07 17:50:20',NULL,1),(218,'MURUGAN S/O  SHANMUGASUNDARAM',NULL,NULL,'1',NULL,'MARAKKUDI',NULL,NULL,'1','2023-02-07 17:52:58',NULL,1),(219,'VELMUTHU S/O VEERAPUTHIRAN',NULL,NULL,'1',NULL,NULL,NULL,NULL,'1','2023-02-07 17:54:03',NULL,1),(220,'UMA MAHESWARAI W/O ESAKKIMUTHU',NULL,NULL,'2',NULL,NULL,NULL,NULL,'1','2023-02-07 17:55:35',NULL,1),(221,'VALLITHAI W/O SANGARAPANDIAN',NULL,NULL,'2',NULL,NULL,NULL,NULL,'1','2023-02-07 17:57:14',NULL,1),(222,'RANJITH KUMAR S/O PANDI',NULL,NULL,'1',NULL,NULL,NULL,NULL,'1','2023-02-07 17:58:28',NULL,1),(223,'RAJAN ELLUVILAI',NULL,NULL,'1',NULL,NULL,NULL,NULL,'1','2023-02-07 18:01:20',NULL,1),(224,'SIVA SITHANKUDIERUPPU',NULL,NULL,'1',NULL,NULL,NULL,NULL,'1','2023-02-07 18:03:12',NULL,1),(225,'DAVID KETTAVILAI',NULL,NULL,'1',NULL,NULL,NULL,NULL,'1','2023-02-07 18:05:39',NULL,1),(226,'CHITHRA CLERK PKU',NULL,NULL,'2',NULL,NULL,NULL,NULL,'1','2023-02-07 18:07:26',NULL,1),(227,'KAVITHA D/O VELSAMY',NULL,NULL,'2',NULL,NULL,NULL,NULL,'1','2023-02-07 18:13:13',NULL,1),(228,'RAM.G S/O GANESAN',NULL,NULL,'1',NULL,NULL,NULL,NULL,'1','2023-02-07 18:16:34',NULL,1),(229,'MURUGESWARI W/O SARATH',NULL,NULL,'2',NULL,NULL,NULL,NULL,'1','2023-02-07 18:21:38',NULL,1),(230,'MUTHUKARUPPAN NORTH STREET PKU',NULL,NULL,'1',NULL,NULL,NULL,NULL,'1','2023-02-07 18:23:55',NULL,1),(231,'PETCHITHAI ESAKKI',NULL,NULL,'2',NULL,NULL,NULL,NULL,'1','2023-02-07 18:25:21',NULL,1),(232,'MOHANRAJ SELVARAJ ATHAN DRIVER',NULL,NULL,'1',NULL,NULL,NULL,NULL,'1','2023-02-07 18:30:36',NULL,1),(233,'VEERAKUMAR S/O AAVUDAIAMMAL',NULL,NULL,'1',NULL,'MARAKKUDI',NULL,NULL,'1','2023-02-07 19:14:55',NULL,1),(234,'AMBIKAI KUMAR PKU',NULL,NULL,'1',NULL,NULL,NULL,NULL,'1','2023-02-07 19:16:19',NULL,1),(235,'KASIKANI W/O KRISHNAN',NULL,NULL,'2',NULL,NULL,NULL,NULL,'1','2023-02-07 19:17:33',NULL,1),(236,'ESWARI W/O MURUGANANTHAM',NULL,NULL,'2',NULL,NULL,NULL,NULL,'1','2023-02-07 19:18:43',NULL,1),(237,'MUTHULAKSHMI W/O MUTHUSELVAN',NULL,NULL,'2',NULL,NULL,NULL,NULL,'1','2023-02-07 19:19:54',NULL,1),(238,'VEERAMANI AMMANPURAM S/O RAJALAKSHMI',NULL,NULL,'Male',NULL,NULL,NULL,NULL,'1','2023-02-07 19:21:15','2023-02-07 19:21:36',1),(239,'ESAKKIMUTHU S/O LINGAM NADUVAKURICHI','6374723556',NULL,'1',NULL,'MARIKOLUNTHU PAULRAJ MULAM',NULL,NULL,'1','2023-02-07 19:24:18',NULL,1),(240,'GANESAN S/O ARUMUGAM MUTHAMMAL','9788185977',NULL,'1',NULL,NULL,NULL,NULL,'1','2023-02-07 19:26:12',NULL,1),(241,'THANGA ESWARI',NULL,NULL,'2',NULL,NULL,NULL,NULL,'1','2023-02-07 19:28:18',NULL,1),(242,'RAJAPANDI NADAR',NULL,NULL,'1',NULL,NULL,NULL,NULL,'1','2023-02-07 19:30:52',NULL,1),(243,'THAMARAISELVI W/O PONPERUMAL PKU',NULL,NULL,'2',NULL,NULL,NULL,NULL,'1','2023-02-07 19:33:29',NULL,1),(244,'SASIKALA W/O JOYSON PERIYATHALAI',NULL,NULL,'2',NULL,NULL,NULL,NULL,'1','2023-02-07 19:39:34',NULL,1),(245,'SIVAN THEVAR',NULL,NULL,'1',NULL,NULL,NULL,NULL,'1','2023-02-07 19:43:42',NULL,1),(246,'NAMBIRAJAN S/O PULAMMAL',NULL,NULL,'1',NULL,NULL,NULL,NULL,'1','2023-02-07 19:45:37',NULL,1),(247,'SARASWATHI W/O KARUPPASAMY',NULL,NULL,'2',NULL,NULL,NULL,NULL,'1','2023-02-07 19:47:18',NULL,1),(248,'MAALAIAMMAL W/O GOVINTHASAMY',NULL,NULL,'2',NULL,NULL,NULL,NULL,'1','2023-02-07 19:49:00',NULL,1),(249,'MALAR W/O SANTHIYA PERIYATHALAI',NULL,NULL,'2',NULL,'XAVIER COLONY, PERIYATHALAI',NULL,NULL,'1','2023-02-07 19:52:06',NULL,1),(250,'THALAVAI S/O NALLAKANNU THEVAR',NULL,NULL,'1',NULL,NULL,NULL,NULL,'1','2023-02-07 19:53:27',NULL,1),(251,'VELRAJ S/O SUPPAIA YOGISWARAR',NULL,NULL,'1',NULL,NULL,NULL,NULL,'1','2023-02-07 19:54:53',NULL,1),(252,'SUDALAIVADIVU D/O CHELLAIA THEVAR',NULL,NULL,'2',NULL,'SISTER OF ESAKKI',NULL,NULL,'1','2023-02-07 19:56:41',NULL,1),(253,'VETRIVEL.K S/O KOVIL PITCHAI',NULL,NULL,'1',NULL,NULL,NULL,NULL,'1','2023-02-07 19:58:11',NULL,1),(254,'ANTHONY VIJAYA KETTAVILAI',NULL,NULL,'2',NULL,'MOTHER OF SUNITHA',NULL,NULL,'1','2023-02-07 19:59:39',NULL,1),(255,'ALAGUTHAI W/O RAJA THEVAR',NULL,NULL,'2',NULL,NULL,NULL,NULL,'1','2023-02-07 20:01:45',NULL,1),(256,'NANTHINI W/O SUNDARAPANDI',NULL,NULL,'2',NULL,NULL,NULL,NULL,'1','2023-02-07 20:03:10',NULL,1),(257,'KALAISELVI.M W/O MAHENTHIRAN VAANAM',NULL,NULL,'2',NULL,NULL,NULL,NULL,'1','2023-02-07 20:05:40',NULL,1),(258,'GEETHA @ ESAKKIAMMAL MARAKKUDI',NULL,NULL,'2',NULL,NULL,NULL,NULL,'1','2023-02-07 20:06:54',NULL,1),(259,'MUTHU S/O SUPPUTHAI',NULL,NULL,'1',NULL,NULL,NULL,NULL,'1','2023-02-07 20:07:31',NULL,1),(260,'MURUGAMMAL W/O MURUGESAN',NULL,NULL,'2',NULL,'KETTAVILAI',NULL,NULL,'1','2023-02-07 20:08:54',NULL,1),(261,'PARAMESWARI W/P MUTHUPANDI',NULL,NULL,'2',NULL,NULL,NULL,NULL,'1','2023-02-07 20:09:42',NULL,1),(262,'JERON S/O KENNADI LURTHU NAGAR',NULL,NULL,'1',NULL,NULL,NULL,NULL,'1','2023-02-07 20:11:53',NULL,1),(263,'GANESH S/O NAGARAJAN UKU',NULL,NULL,'1',NULL,'UKU',NULL,NULL,'1','2023-02-07 20:13:34',NULL,1),(264,'ARANIDEVI',NULL,NULL,'2',NULL,NULL,NULL,NULL,'1','2023-02-07 20:15:55',NULL,1),(265,'MURUGESAN MILA',NULL,NULL,'1',NULL,'UKU',NULL,NULL,'1','2023-02-07 20:17:40',NULL,1),(266,'BANUMATHI W/O MUTHUPANDI',NULL,NULL,'2',NULL,NULL,NULL,NULL,'1','2023-02-07 20:18:51',NULL,1),(267,'SELVI W/O MARIADOSS THARUVAI',NULL,NULL,'2',NULL,NULL,NULL,NULL,'1','2023-02-07 20:20:14',NULL,1),(268,'BALAKRISHNAN S/O JEYARAMAN','9715910606',NULL,'1',NULL,'SIVANKUDIETRU',NULL,NULL,'1','2023-02-07 20:23:46',NULL,1),(269,'MAHADEVI THOPPUVILAI',NULL,NULL,'2',NULL,NULL,NULL,NULL,'1','2023-02-07 20:24:44',NULL,1),(270,'SIVABALAN.C S/O CHITHIRAIVEL',NULL,NULL,'1',NULL,'UKU',NULL,NULL,'1','2023-02-07 20:26:15',NULL,1),(271,'PETCHITHAI W/O MURUGAN ,SHUNMUGADEVAR MARUMAGAL',NULL,NULL,'2',NULL,'MARAKKUDI',NULL,NULL,'1','2023-02-08 08:46:34',NULL,1),(272,'CHELLAPANDI PKU /THARUMAR MARUMAGAN','8122103164',NULL,'1',NULL,'PADUKKAPATHU',NULL,NULL,'1','2023-02-08 09:16:17',NULL,1),(273,'MUTHAIYADEVAR MARAKKUDI',NULL,NULL,'1',NULL,'MARAKKUDI',NULL,NULL,'1','2023-02-08 09:43:11',NULL,1),(274,'KANAGASUNDARI',NULL,NULL,'1',NULL,'W/O MURUGAN PADUKKAPATHU',NULL,NULL,'1','2023-02-08 09:49:31',NULL,1),(275,'PANDI PUROTTA @ Veerapandi',NULL,NULL,'Male',40,'MARAKKUDI',NULL,NULL,'1','2023-02-09 09:01:09','2023-02-11 09:20:41',1),(276,'VALARMATHI G D/O CHITHRAVEL',NULL,NULL,'2',45,'USARATHUKUDIERUPPU',NULL,NULL,'1','2023-02-09 09:03:35',NULL,1),(277,'THAVASIKANI W/O AYYADURAI',NULL,NULL,'2',60,'USARATHUKUDIERUPPU',NULL,NULL,'1','2023-02-09 09:06:19',NULL,1),(278,'CHITHIRAIPALAM UKU',NULL,NULL,'1',60,'USARATHUKUDIERUPPU',NULL,NULL,'1','2023-02-09 09:16:20',NULL,1),(279,'LINGAMURUGAN PKU',NULL,NULL,'1',28,'S/O SUDALAIMANI,PADUKKAPATHU',NULL,NULL,'1','2023-02-10 08:48:51',NULL,1),(280,'MUTHURAMALINGAM SR TEA MASTER',NULL,NULL,'1',30,'SR TEA STALL',NULL,NULL,'1','2023-02-11 09:16:59',NULL,1),(281,'naveen s/o sundarraj','9025944300',NULL,'1',35,'perumalpuram',NULL,NULL,'1','2023-02-11 09:23:11',NULL,1),(282,'SENBAGAVADIVU W/O MANTHIRAMDEVAR',NULL,NULL,'2',50,'MARAKKUDI',NULL,NULL,'1','2023-02-12 09:31:35',NULL,1),(283,'SUTHA D/O THANGAVEL UKU',NULL,NULL,'2',42,'USARATHUKUDIERUPPU',NULL,NULL,'1','2023-02-12 09:41:51',NULL,1),(284,'kannan','9443587282','9344332244','1',44,'Mottavilai\r\nKarankadu PO',NULL,NULL,'1','2023-02-13 18:25:30',NULL,1),(285,'PRATHAB S/O PERIYAPRATTI',NULL,NULL,'1',NULL,'PADUKKAPATHU',NULL,NULL,'1','2023-03-13 18:58:21',NULL,1),(286,'lalitha w/o kumar',NULL,NULL,'2',52,'usarathukudieruppu',NULL,NULL,'1','2023-03-16 10:33:01',NULL,1),(287,'jegan sr shop','7907252533',NULL,'1',28,'padukkapathu',NULL,NULL,'1','2023-03-16 10:36:41',NULL,1),(288,'MUTHULINGESWARI @ GAYATHRI D/O CHITHRA CLERK',NULL,NULL,NULL,24,'PADUKKAPATHU',NULL,NULL,'1','2023-03-16 10:44:09','2023-05-03 01:24:17',1),(289,'NUTHUKUMAR ANAIGUDI',NULL,NULL,'1',40,'AANAIGUDI',NULL,NULL,'1','2023-03-16 10:47:58',NULL,1),(290,'SUNDARALINGAM S/O VAIGUNDAM',NULL,NULL,'1',35,'USARATHUKUDIERUPPU',NULL,NULL,'1','2023-03-16 10:54:37',NULL,1),(291,'SIVANTHIKANI ODAKARAI',NULL,NULL,'2',48,'PUTHUKOTTAI',NULL,NULL,'1','2023-03-16 11:05:24',NULL,1),(292,'CHITHRA KETTAVILAI',NULL,NULL,'2',43,'KETTAVILAI',NULL,NULL,'1','2023-03-16 11:08:14',NULL,1),(293,'SUBBULAKSHMI W/O RAMASAMI',NULL,NULL,'2',NULL,'MARAKKUDI',NULL,NULL,'1','2023-03-17 10:50:53',NULL,1),(294,'REJINA S/O SUYAMBU',NULL,NULL,'2',NULL,'USARATHUKUDIERUPPU',NULL,NULL,'1','2023-03-17 10:54:51',NULL,1),(295,'SUDALAIMANI I',NULL,NULL,'1',NULL,'USARATHUKUDIERUPPU',NULL,NULL,'1','2023-03-17 11:08:37',NULL,1),(296,'THANGAPANDI STM VEDEO',NULL,NULL,'1',NULL,'PADUKKAPATHU',NULL,NULL,'1','2023-03-17 11:10:02',NULL,1),(297,'SUTHA D/O SELVARAJ',NULL,NULL,'2',NULL,'SOKKANKUDIERUPPU',NULL,NULL,'1','2023-03-17 11:12:52',NULL,1),(298,'SANTHI W/O PANDI',NULL,NULL,'2',NULL,'PADUKKAPATHU',NULL,NULL,'1','2023-03-17 11:21:39',NULL,1),(299,'VALLI W/O RAMANATHAN',NULL,NULL,'2',NULL,'MARAKKUDI PADUKKAPATHU',NULL,NULL,'1','2023-03-17 11:25:30',NULL,1),(300,'THINAKARAN S/O CHINNARAJA',NULL,NULL,'1',NULL,'PERIYATHALAI',NULL,NULL,'1','2023-03-17 11:27:52',NULL,1),(301,'MUTHUKUMAR ANAGUDI',NULL,NULL,'1',NULL,'ANAIGUDI',NULL,NULL,'1','2023-03-17 11:32:58',NULL,1),(302,'george s/o selvaraj',NULL,NULL,'1',NULL,'SOKKANKUDIERUPPU',NULL,NULL,'1','2023-03-18 10:39:44',NULL,1),(303,'MUTHULAKSHMI W/O SAKTHIVEL',NULL,NULL,'2',NULL,'PADUKKAPATHU',NULL,NULL,'1','2023-03-18 11:03:09',NULL,1),(304,'KUMARAVEL S/O MAHARAJAN ASARI',NULL,NULL,'1',NULL,'PADUKKAPATHU',NULL,NULL,'1','2023-03-18 11:04:49',NULL,1),(305,'THANGARAJ S/O MURUGESAN',NULL,NULL,'1',NULL,'USARATHUKUDIRUPPU',NULL,NULL,'1','2023-03-18 11:07:05',NULL,1),(306,'SUYAMBULINGAM ELLUVILAI',NULL,NULL,'Male',NULL,'ELLUVILAI',NULL,NULL,'1','2023-03-18 11:21:34','2023-03-18 11:21:55',1),(307,'CHANDIRAN THATTARMADAM',NULL,NULL,'1',NULL,'THATTARMADAM',NULL,NULL,'1','2023-03-18 11:37:21',NULL,1),(308,'LALITHA D/O GRECY','9943734540',NULL,'2',NULL,'KOMMADIKOTTAI',NULL,NULL,'1','2023-03-18 11:40:41',NULL,1),(309,'RATHAKRISHNAN EAST STREET PKU',NULL,NULL,'Male',NULL,'PADUKKAPATHU',NULL,NULL,'1','2023-03-18 11:45:49','2023-03-18 11:46:30',1),(310,'IYYAMPERUMAL MOOPAN',NULL,NULL,'1',NULL,'SOKKANKUDIERUPPU',NULL,NULL,'1','2023-03-19 11:28:48',NULL,1),(311,'SORNAMMAL MARAKKUDI',NULL,NULL,'2',NULL,'MARAKKUDI',NULL,NULL,'1','2023-03-19 11:51:36',NULL,1),(312,'CHITHRADEVI',NULL,NULL,'2',NULL,'PADUKKAPATHU',NULL,NULL,'1','2023-03-19 11:54:11',NULL,1),(313,'RASOOLDEEN',NULL,NULL,'1',NULL,'KARUMAVILAI',NULL,NULL,'1','2023-03-19 12:01:58',NULL,1),(314,'JEYASELVI @ SELVI THARUVAI',NULL,NULL,'2',NULL,'PUTHANTHARUVAI',NULL,NULL,'1','2023-03-19 12:06:12',NULL,1),(315,'GOMATHI W/O SUDALAIKANNU',NULL,NULL,'Female',NULL,'MARAKKUDI',NULL,NULL,'1','2023-03-19 12:37:31','2023-03-19 12:37:52',1),(316,'NALLAKANNU DEVAR S/O VEERAPUTHIRAR',NULL,NULL,'1',NULL,'MARAKKUDI',NULL,NULL,'1','2023-03-19 12:59:12',NULL,1),(317,'KARUPPI',NULL,NULL,'2',NULL,NULL,NULL,NULL,'1','2023-03-20 13:37:21',NULL,1),(318,'MUTHUKRISHNAN S/O CHETTIYAR',NULL,NULL,'Male',NULL,'S/O SHANMUGA SUNDARAM CHETTIYAR',NULL,NULL,'1','2023-03-20 14:00:54','2023-03-20 14:01:31',1),(319,'DEVARAJ KETTAVILAI',NULL,NULL,'1',NULL,NULL,NULL,NULL,'1','2023-03-20 14:23:18',NULL,1),(320,'DURAIRAJ KOMMADIKOTTAI',NULL,NULL,'1',NULL,NULL,NULL,NULL,'1','2023-03-20 14:34:02',NULL,1),(321,'JEEVITHA W/O SURESH',NULL,NULL,'Female',NULL,'SIVANKUDIYETRU',NULL,NULL,'1','2023-03-20 14:45:04','2023-03-22 15:19:57',1),(322,NULL,NULL,NULL,'Female',NULL,NULL,NULL,NULL,'1','2023-03-20 15:04:20','2023-03-22 15:33:32',1),(323,'PADMA W/O KOLUTHI KONAR',NULL,NULL,'Female',NULL,NULL,NULL,NULL,'1','2023-03-20 15:04:20','2023-03-20 15:55:40',1),(324,'RAMANATHAN MARAKKUDI',NULL,NULL,'1',NULL,NULL,NULL,NULL,'1','2023-03-20 16:06:48',NULL,1),(325,'PERUMAL KAALI',NULL,NULL,'1',NULL,NULL,NULL,NULL,'1','2023-03-20 16:14:11',NULL,1),(326,'MUTHUKANI W/O VEERAKUMAR',NULL,NULL,'2',NULL,NULL,NULL,NULL,'1','2023-03-20 16:18:52',NULL,1),(327,'PALAMMAL W/O MUTHUKUMAR PKU',NULL,NULL,'2',NULL,NULL,NULL,NULL,'1','2023-03-20 16:34:03',NULL,1),(328,'VASANTHA SOKKANKUDIERUPPU',NULL,NULL,'2',NULL,NULL,NULL,NULL,'1','2023-03-20 16:36:50',NULL,1),(329,'SUYAMBU NADAR.A SOUTH STREET',NULL,NULL,'1',NULL,NULL,NULL,NULL,'1','2023-03-20 16:41:30',NULL,1),(330,'THARMAR S/O PALAVESAMUTHU PKU',NULL,NULL,'1',NULL,NULL,NULL,NULL,'1','2023-03-20 16:46:17',NULL,1),(331,'ESAKKIRAJA MARAKKUDI',NULL,NULL,'1',NULL,'PALSUDALAI RELATIVE S/O SIVAN THEVAR',NULL,NULL,'1','2023-03-20 16:58:29',NULL,1),(332,'geetha gandhipuri',NULL,NULL,'2',NULL,'GANDHIPURI',NULL,NULL,'1','2023-03-21 10:49:02',NULL,1),(333,'ANANTHARAJ MECHANIC',NULL,NULL,'1',32,'SOKKANKUDIERUPPU',NULL,NULL,'1','2023-03-21 11:55:23',NULL,1),(334,'PONNULINGAM KONDAIRAISMIL',NULL,NULL,'1',NULL,NULL,NULL,NULL,'1','2023-03-22 14:07:41',NULL,1),(335,'THANASEKARAN MARTHANDAN',NULL,NULL,'1',NULL,NULL,NULL,NULL,'1','2023-03-22 15:16:21',NULL,1),(336,'KUMAR THEVAR',NULL,NULL,'1',NULL,NULL,NULL,NULL,'1','2023-03-22 15:27:57',NULL,1),(337,'ATHIPANDI UKU',NULL,NULL,'1',NULL,NULL,NULL,NULL,'1','2023-03-22 15:59:52',NULL,1),(338,'ATHIPANDI UKU',NULL,NULL,'1',NULL,NULL,NULL,NULL,'1','2023-03-22 15:59:52',NULL,1),(339,'PAVUN S/O DURAIRAJ',NULL,NULL,'Male',NULL,'SOKKANKUDIERUPPU',NULL,NULL,'1','2023-03-22 16:10:01','2023-07-16 19:37:55',1),(340,'SANTHIYA W/O SATHASIVAM','9361340143',NULL,'2',30,'GANDHIPURI',NULL,NULL,'1','2023-03-24 10:32:58',NULL,1),(341,'SELVARANJANI',NULL,NULL,'2',NULL,'VEYILUKANTHAMMANPURAM',NULL,NULL,'1','2023-03-24 10:50:59',NULL,1),(342,'ANANTHARAJ THIRUPPUR',NULL,NULL,'1',NULL,'SAKTHIVEL AKKA MARUMAGAN',NULL,NULL,'1','2023-03-25 10:56:08',NULL,1),(343,'VELMURUGAN AYYADURAI',NULL,NULL,'1',NULL,'USARATHUKUDIERUPPU',NULL,NULL,'1','2023-03-26 22:34:34',NULL,1),(344,'THANGAMANI',NULL,NULL,'2',60,'PADUKKAPATHU',NULL,NULL,'1','2023-03-26 22:39:14',NULL,1),(345,'VEYILUGANTHAL',NULL,NULL,'2',62,'PADUKKAPATHU',NULL,NULL,'1','2023-03-26 22:41:30',NULL,1),(346,'ARIKRISHNAN KOMMADIKOTTAI',NULL,NULL,'Male',NULL,'KOMMADIKOTTAI',NULL,NULL,'1','2023-03-28 11:22:50','2023-07-23 19:31:35',1),(347,'ANTHONI KELISTER GRECY MARUMAGAN','9943734540',NULL,'1',NULL,'KOMMADIKOTTAI',NULL,NULL,'1','2023-03-28 11:31:35',NULL,1),(348,'MUTHULAKSHMI W/O RAVI',NULL,NULL,'2',NULL,'PERIYATHALAI',NULL,NULL,'1','2023-03-29 11:36:29',NULL,1),(349,'ELANGO B/O SURESHKUMAR','6382851767',NULL,'1',NULL,'MUTHAMMALPURAM,\r\nPERIYATHALAI',NULL,NULL,'1','2023-03-29 11:38:45',NULL,1),(350,'AMALAPUSHPAM W/O DEVASAHAYAM',NULL,NULL,'2',NULL,'KETTAVILAI',NULL,NULL,'1','2023-03-29 12:11:36',NULL,1),(351,'RAMU W/O RAGU PALAVESAM',NULL,NULL,'2',NULL,'PADUKKAPATHU',NULL,NULL,'1','2023-03-30 11:09:07',NULL,1),(352,'ANTHONIRAJ S/O DURAIRAJ',NULL,NULL,'1',NULL,'KOMMADIKOTTAI',NULL,NULL,'1','2023-04-01 11:11:14',NULL,1),(353,'CHITHIRAILINGAM S/O MAHARAJA',NULL,NULL,'Male',NULL,'USARATHUKUDIERUPPU',NULL,NULL,'1','2023-04-01 11:25:20','2023-04-01 11:25:43',1),(354,'CHITHIRAI W/O RAMACHANDRAN',NULL,NULL,'1',NULL,'PIRAMANAVILAI',NULL,NULL,'1','2023-04-02 11:20:44',NULL,1),(355,'MURUGESAN H/O LINKAKANI',NULL,NULL,'1',NULL,'USARATHUKUDIERUPPU',NULL,NULL,'1','2023-04-02 15:21:29',NULL,1),(356,'ramapoopathi east street',NULL,NULL,'2',NULL,'PADUKKAPATHU',NULL,NULL,'1','2023-04-05 00:27:51',NULL,1),(357,'RASATHI PUTHANTHARUVAI',NULL,NULL,'2',NULL,'ESAKKIYAMMA SISTER',NULL,NULL,'1','2023-04-05 00:43:37',NULL,1),(358,'CHITHIRAIKANI W/O VELDURAI','9750808443',NULL,'2',NULL,'ALAGAPPAPURAM',NULL,NULL,'1','2023-04-06 10:27:54',NULL,1),(359,'MUTHUPANDI S/O ABOORVAKANI',NULL,NULL,'1',NULL,'USARATHUKUDIERUPPU',NULL,NULL,'1','2023-04-09 22:48:53',NULL,1),(360,'MAHENDRAN VAANAM',NULL,NULL,'1',NULL,'PADUKKAPATHU',NULL,NULL,'1','2023-04-09 23:03:32',NULL,1),(361,'MUTHUPANDI S/O DURAISAMI',NULL,NULL,'1',60,'USARATHUKUDIERUPPU',NULL,NULL,'1','2023-04-13 11:33:50',NULL,1),(362,'JEYA  W/O BALASANTHAR','8300633632',NULL,'2',NULL,'UDANKUDI',NULL,NULL,'1','2023-04-13 11:46:42',NULL,1),(363,'SASIKALA KOGUL AMMA',NULL,NULL,'2',52,NULL,NULL,NULL,'1','2023-04-16 11:44:57',NULL,1),(364,'gayathri d/o chithra clerk',NULL,NULL,'2',NULL,'padukkapathu',NULL,NULL,'1','2023-04-22 23:34:01',NULL,1),(365,'selvam yogeeswarar s/o subbaiya',NULL,NULL,'1',NULL,'padukkapathu',NULL,NULL,'1','2023-04-27 10:32:06',NULL,1),(366,'Chelladurai nadar h/o paurnakili',NULL,NULL,'Male',NULL,'Usarathukudieruppu, Kavadipirai Street\r\n',NULL,NULL,'1','2023-05-03 00:57:15',NULL,1),(367,'VAISHNAVI W/O PETER UDANKUDI','6382136665',NULL,'Female',NULL,NULL,NULL,NULL,'1','2023-05-03 01:01:57',NULL,1),(368,'PONNAMBALAM S/O ARUNASALAM',NULL,NULL,'Male',NULL,'WEST STREET PADUKKAPATHU',NULL,NULL,'1','2023-05-03 01:05:28',NULL,1),(369,'SAKTHIVEL S/O VELUMUTHU AASARI',NULL,NULL,'Male',NULL,'PADUKKAPATHU',NULL,NULL,'1','2023-05-03 01:07:30','2023-05-19 23:37:32',1),(370,'mookandi s/o chellaiya nadar',NULL,NULL,'Male',NULL,'usarathukudieruppu',NULL,NULL,'1','2023-05-04 23:41:56',NULL,1),(371,'SUNDARA SULOSANA',NULL,NULL,'Female',NULL,'PADUKKAPATHU',NULL,NULL,'1','2023-05-04 23:52:52',NULL,1),(372,'rojamalar w/o amirthalingam',NULL,NULL,'Female',NULL,'usarathukudieruppu',NULL,NULL,'1','2023-05-06 00:56:13',NULL,1),(373,'SUYAMBULINGESWARI W/O SUBBAIAH','9677786495',NULL,'Female',NULL,'MARAKKUDI',NULL,NULL,'1','2023-05-14 11:41:19',NULL,1),(374,'paulin w/o david',NULL,NULL,'Female',NULL,'kettavilai',NULL,NULL,'1','2023-05-14 12:56:07',NULL,1),(375,'PALKANI W/O PALPANDI','9345399863',NULL,'Female',NULL,'GANDHIPURI',NULL,NULL,'1','2023-05-18 11:46:44',NULL,1),(376,'JEYA W/O SIMEON','9698219617',NULL,'Female',NULL,'PUTHANTHARUVAI',NULL,NULL,'1','2023-05-19 11:21:49',NULL,1),(377,'BASKAR ATHISAYA POTHY',NULL,NULL,'Male',45,'PIRAMANAVILAI',NULL,NULL,'1','2023-05-28 20:48:23',NULL,1),(378,'GANDHIMATHI W/O MUTHUPANDI',NULL,NULL,'Female',NULL,'PIRAMANAVILAI',NULL,NULL,'1','2023-05-28 20:52:24',NULL,1),(379,'LAKSHMI W/O THANGAVEL ELLUVILAI',NULL,NULL,'Female',NULL,'ELLUVILAI',NULL,NULL,'1','2023-05-28 21:19:47',NULL,1),(380,'NITHIN S/O SANTHIYA','8610142699',NULL,'Male',NULL,'PERIYATHALAI',NULL,NULL,'1','2023-05-28 21:47:34',NULL,1),(381,'RAVI H/O MUTHULAKSHMI PERIYATHALAI','7550324069',NULL,'Male',NULL,'MUTHAMMALPURAM',NULL,NULL,'1','2023-05-28 21:59:54',NULL,1),(382,'ganesapandi thangavel',NULL,NULL,'Male',NULL,'usarathukudieruppu',NULL,NULL,'1','2023-05-29 23:46:12',NULL,1),(383,'GOPI',NULL,NULL,'Male',NULL,'KETTAVILAI',NULL,NULL,'1','2023-05-30 00:02:08','2023-05-30 00:02:29',1),(384,'PALPANDI NADAR T',NULL,NULL,'Male',NULL,'USARATHUKUDIERUPPU',NULL,NULL,'1','2023-06-05 01:12:36',NULL,1),(385,'VEYILUGANTHA ESWARAN AUTO S/O VETTIVEL',NULL,NULL,'Male',NULL,NULL,NULL,NULL,'1','2023-06-07 11:50:41',NULL,1),(386,'ESWARAN THARMAR',NULL,NULL,'Male',NULL,'PADUKKAPATHU',NULL,NULL,'1','2023-06-07 11:56:14',NULL,1),(387,'RAMASAMY S/O GANESAN',NULL,NULL,'Male',NULL,'PADUKKAPATHU',NULL,NULL,'1','2023-06-08 10:54:06',NULL,1),(388,'NARAYANAN S/O AMIRTHALINGAM','9444291787',NULL,'Male',NULL,'MUSLIM STREET, PADUKKAPATHU',NULL,NULL,'1','2023-06-08 11:07:01',NULL,1),(389,'joseph h/o anna flora',NULL,NULL,'Male',NULL,'kettavilai',NULL,NULL,'1','2023-06-11 20:31:25',NULL,1),(390,'AMBIKA D/O KASPALAM',NULL,NULL,'Female',NULL,'USARATHUKUDIERUPPU',NULL,NULL,'1','2023-06-11 21:00:25',NULL,1),(391,'thalavai s/o arunasaladevar',NULL,NULL,'Male',NULL,'marakkudi',NULL,NULL,'1','2023-06-17 23:22:43',NULL,1),(392,'MANTHIRATHAMMAL W/O ESAKKI DEVAR',NULL,NULL,'Female',NULL,'C/O SENTHIL DEVAR',NULL,NULL,'1','2023-06-17 23:50:54',NULL,1),(393,'THEEBAN AMMANPURAM',NULL,NULL,'Male',NULL,NULL,NULL,NULL,'1','2023-06-17 23:53:30',NULL,1),(394,'SARASWATHI   W/O VIJAYAN','8098347110',NULL,'Female',NULL,'MARAKKUDI',NULL,NULL,'1','2023-06-17 23:56:32',NULL,1),(395,'GEORGE S/O ESWARAN PKU','8754845972',NULL,'Male',NULL,'PUTHANTHARUVAI',NULL,NULL,'1','2023-06-18 00:03:25',NULL,1),(396,'ANJALI  KANTHASAMI MARUMAGAL','9363333139',NULL,'Female',NULL,'PADUKKAPATHU',NULL,NULL,'1','2023-06-25 21:00:26','2023-06-25 21:00:59',1),(397,'SIVANU MARAKKUDI',NULL,NULL,'Female',NULL,NULL,NULL,NULL,'1','2023-06-25 21:04:55',NULL,1),(398,'RATHA W/O MASANAMUTHU','9788130028',NULL,'Female',NULL,'GANDHIPURI',NULL,NULL,'1','2023-06-25 21:07:57',NULL,1),(399,'JANSI D/O SINGA',NULL,NULL,'Female',NULL,'PADUKKAPATHU',NULL,NULL,'1','2023-07-02 20:37:06',NULL,1),(400,'SIVARAJAKANI W/O SENDURPANDI',NULL,'SRIDEVI AMMA','Female',NULL,'GANDHIPURI',NULL,NULL,'1','2023-07-09 21:07:13',NULL,1),(401,'LAKSHMANAN S/O ESAKKIDEVAR',NULL,NULL,'Male',NULL,'MARAKKUDI',NULL,NULL,'1','2023-07-09 21:43:37',NULL,1),(402,'Boopathi w/o sudalaimani',NULL,NULL,'Female',NULL,'V AMMANPURAM',NULL,NULL,'1','2023-07-16 18:49:24',NULL,1),(403,'SUBBAIAH YOGEESWARAR',NULL,NULL,'Male',NULL,'PADUKKAPATHU',NULL,NULL,'1','2023-07-16 19:02:30',NULL,1),(404,'RAMASUNDARI W/O ARUMUGAM YADAV',NULL,NULL,'Female',NULL,'USARATHUKUDIERUPPU',NULL,NULL,'1','2023-07-16 19:17:00',NULL,1),(405,'VENKATESH S/O POCKET MURUGAN',NULL,NULL,'Male',NULL,'MARAKKUDI',NULL,NULL,'1','2023-07-23 16:05:40',NULL,1),(406,'MANICKAM S/O GOMATHI SUDALAIKANNU',NULL,NULL,'Male',NULL,'MARAKKUDI',NULL,NULL,'1','2023-07-23 16:29:55',NULL,1),(407,'AMUTHA W/O VANAMAMALAI MARAKKUDI',NULL,NULL,'Female',NULL,'MARAKKUDI',NULL,NULL,'1','2023-07-23 18:45:48',NULL,1),(408,'SUDALAIRAJ T VAZHI',NULL,NULL,'Male',NULL,'UKU',NULL,NULL,'1','2023-07-23 19:17:04',NULL,1),(409,'VADIVU @ NARAYANAVADIVU W/O MURUGAN',NULL,NULL,'Female',NULL,'MARAKKUDI',NULL,NULL,'1','2023-07-23 19:25:28',NULL,1),(410,'gopika d/o balakrishnan',NULL,NULL,'Female',NULL,'PADUKKAPATHU',NULL,NULL,'1','2023-07-29 10:58:24',NULL,1),(411,'THENMOZHI W/O DITTO','9500310127',NULL,'Female',NULL,'PERIYATHALAI',NULL,NULL,'1','2023-07-29 11:13:05',NULL,1),(412,'vanatheivanai w/o sathyaperumal','9150779609',NULL,'Female',NULL,'thattarmadam',NULL,NULL,'1','2023-08-13 15:14:13',NULL,1),(413,'RENUGA M/O SUGANYA',NULL,NULL,'Female',NULL,'ELLUVILAI',NULL,NULL,'1','2023-08-13 15:46:21',NULL,1),(414,'SANTHIYA F/O NITHIN PERIYATHALAI',NULL,NULL,'Male',NULL,NULL,NULL,NULL,'1','2023-08-13 16:14:43',NULL,1),(415,'KRISHNAN  KASIKANI',NULL,NULL,'Male',NULL,'USARATHUKUDIERUPPU',NULL,NULL,'1','2023-08-13 16:23:04',NULL,1),(416,'MANJULA W/O BALAKRISHNAN JEYARAMAN',NULL,NULL,'Female',NULL,'PERUMALPURAM',NULL,NULL,'1','2023-08-13 16:27:26',NULL,1),(417,'SUGANYA D/O RENUGA ELLUVILAI',NULL,NULL,'Female',NULL,NULL,NULL,NULL,'1','2023-08-13 16:30:35',NULL,1),(418,'SUDALAIKANI W/O SIVAMURUGAN','8903955797',NULL,'Female',NULL,'ALAGAPPAPURAM',NULL,NULL,'1','2023-08-20 19:32:26','2023-08-20 19:33:29',1),(419,'SUDALAIVADIVU D/O NARAYANAVADIVU',NULL,NULL,'Female',NULL,'MARAKKUDI',NULL,NULL,'1','2023-08-27 20:06:09',NULL,1),(420,'chinnadurai s/o  kasidevar marakkudi',NULL,NULL,'Male',NULL,'marakkudi',NULL,NULL,'1','2023-09-03 19:03:40',NULL,1),(421,'muthu w/o arumugam anaithaperumal',NULL,NULL,'Female',NULL,'marakkudi',NULL,NULL,'1','2023-09-03 19:14:17',NULL,1),(422,'pavulraj s/o ramachandran marikolunthu',NULL,NULL,'Male',NULL,NULL,NULL,NULL,'1','2023-09-03 19:19:04',NULL,1),(423,'vijay s/o palavesam',NULL,NULL,'Male',NULL,'padukkapthu',NULL,NULL,'1','2023-09-03 19:22:28',NULL,1),(424,'PICHAMMAL W/O PECHIMUTHU MARAKKUDI',NULL,NULL,'Female',NULL,NULL,NULL,NULL,'1','2023-09-03 19:40:17',NULL,1),(425,'SATHYANARAYANAN S/O ESAKKIMUTHU',NULL,NULL,'Male',NULL,'VEYILUGANTHAMMANPURAM',NULL,NULL,'1','2023-09-03 21:06:23',NULL,1);
/*!40000 ALTER TABLE `customers` ENABLE KEYS */;
UNLOCK TABLES;

--
-- Table structure for table `deposits_activation`
--

DROP TABLE IF EXISTS `deposits_activation`;
/*!40101 SET @saved_cs_client     = @@character_set_client */;
/*!50503 SET character_set_client = utf8mb4 */;
CREATE TABLE `deposits_activation` (
  `id` int NOT NULL AUTO_INCREMENT,
  `page_number` varchar(50) DEFAULT NULL,
  `customer_id` varchar(20) DEFAULT NULL,
  `item_name` varchar(100) DEFAULT NULL,
  `item_details` varchar(50) DEFAULT NULL,
  `measurement` varchar(20) DEFAULT NULL,
  `credit_amount` varchar(10) DEFAULT NULL,
  `intrest` varchar(10) DEFAULT NULL,
  `from_date` date DEFAULT NULL,
  `status` varchar(10) DEFAULT NULL,
  `created_at` date DEFAULT NULL,
  `updated_at` date DEFAULT NULL,
  `login_id` int DEFAULT NULL,
  `maturity_value` varchar(100) DEFAULT NULL,
  `nominee` varchar(50) DEFAULT NULL,
  `nominee_relation` varchar(50) DEFAULT NULL,
  PRIMARY KEY (`id`)
) ENGINE=InnoDB;
/*!40101 SET character_set_client = @saved_cs_client */;

--
-- Dumping data for table `deposits_activation`
--

LOCK TABLES `deposits_activation` WRITE;
/*!40000 ALTER TABLE `deposits_activation` DISABLE KEYS */;
INSERT INTO `deposits_activation` VALUES (1,'03','1','DEPOSIT',NULL,NULL,'20500','12','2022-10-04','1','2023-02-15',NULL,NULL,NULL,NULL,NULL),(2,'03','4',NULL,NULL,NULL,'27150','12','2022-11-05','1','2023-03-14',NULL,NULL,NULL,NULL,NULL),(3,'03','2',NULL,NULL,NULL,'160530','12','2012-03-20','1','2023-03-14',NULL,NULL,NULL,NULL,NULL),(4,'03','3',NULL,NULL,NULL,'90000','12','2013-03-11','1','2023-03-14',NULL,NULL,NULL,NULL,NULL),(5,'03','6',NULL,NULL,NULL,'14607','12','2013-06-01','1','2023-03-14',NULL,NULL,NULL,NULL,NULL);
/*!40000 ALTER TABLE `deposits_activation` ENABLE KEYS */;
UNLOCK TABLES;

--
-- Table structure for table `deposits_activation_details`
--

DROP TABLE IF EXISTS `deposits_activation_details`;
/*!40101 SET @saved_cs_client     = @@character_set_client */;
/*!50503 SET character_set_client = utf8mb4 */;
CREATE TABLE `deposits_activation_details` (
  `id` int NOT NULL AUTO_INCREMENT,
  `activation_id` int DEFAULT NULL,
  `customer_id` int DEFAULT NULL,
  `intrest` varchar(10) DEFAULT NULL,
  `from_date` date DEFAULT NULL,
  `to_date` date DEFAULT NULL,
  `credit_amount` varchar(10) DEFAULT NULL,
  `intrest_amount` varchar(10) DEFAULT NULL,
  `total_amount` varchar(10) DEFAULT NULL,
  `pay_amount` varchar(10) DEFAULT NULL,
  `balance_amount` varchar(10) DEFAULT NULL,
  `status` varchar(10) DEFAULT NULL,
  `created_at` datetime DEFAULT NULL,
  `update_at` datetime DEFAULT NULL,
  `login_id` int DEFAULT NULL,
  `credit_debit` varchar(20) DEFAULT NULL,
  PRIMARY KEY (`id`)
) ENGINE=InnoDB;
/*!40101 SET character_set_client = @saved_cs_client */;

--
-- Dumping data for table `deposits_activation_details`
--

LOCK TABLES `deposits_activation_details` WRITE;
/*!40000 ALTER TABLE `deposits_activation_details` DISABLE KEYS */;
/*!40000 ALTER TABLE `deposits_activation_details` ENABLE KEYS */;
UNLOCK TABLES;

--
-- Table structure for table `deposits_customers`
--

DROP TABLE IF EXISTS `deposits_customers`;
/*!40101 SET @saved_cs_client     = @@character_set_client */;
/*!50503 SET character_set_client = utf8mb4 */;
CREATE TABLE `deposits_customers` (
  `id` int NOT NULL AUTO_INCREMENT,
  `full_name` varchar(50) DEFAULT NULL,
  `mobile_number` varchar(10) DEFAULT NULL,
  `id_proof` varchar(20) DEFAULT NULL,
  `gender` varchar(10) DEFAULT NULL,
  `age` int DEFAULT NULL,
  `address` varchar(200) DEFAULT NULL,
  `follow_date` date DEFAULT NULL,
  `follow_message` varchar(5000) DEFAULT NULL,
  `status` varchar(10) DEFAULT NULL,
  `date` date DEFAULT NULL,
  `login_id` int DEFAULT NULL,
  PRIMARY KEY (`id`)
) ENGINE=InnoDB;
/*!40101 SET character_set_client = @saved_cs_client */;

--
-- Dumping data for table `deposits_customers`
--

LOCK TABLES `deposits_customers` WRITE;
/*!40000 ALTER TABLE `deposits_customers` DISABLE KEYS */;
INSERT INTO `deposits_customers` VALUES (1,'sri subramanyam swamy tiruchendur',NULL,NULL,'Male',NULL,'TIRUCHENDUR',NULL,NULL,'1','2023-02-15',1),(2,'SANKAR BASKAR',NULL,NULL,'Male',NULL,'PIRAMANAVILAI',NULL,NULL,'1','2023-02-15',1),(3,'JEGATHA',NULL,NULL,'Female',NULL,'SANKAR MAMIYAR',NULL,NULL,'1','2023-02-15',1),(4,'SRI SUBRAMANYA SWAMY VELKANI DEPOSIT',NULL,NULL,'Male',NULL,'USARATHUKUDIERUPPU',NULL,NULL,'1','2023-03-12',1),(5,'JEGATHA',NULL,NULL,'Female',60,'SANKAR MAMIYAR',NULL,NULL,'1','2023-03-12',1),(6,'KUMARATHITHAN ILAIGNAR MANTRAM',NULL,NULL,'Male',NULL,'PIRAMANAVILAI',NULL,NULL,'1','2023-03-14',1);
/*!40000 ALTER TABLE `deposits_customers` ENABLE KEYS */;
UNLOCK TABLES;

--
-- Table structure for table `deposits_interest`
--

DROP TABLE IF EXISTS `deposits_interest`;
/*!40101 SET @saved_cs_client     = @@character_set_client */;
/*!50503 SET character_set_client = utf8mb4 */;
CREATE TABLE `deposits_interest` (
  `id` int NOT NULL AUTO_INCREMENT,
  `deposits_interest_value` varchar(10) DEFAULT NULL,
  `status` varchar(10) DEFAULT NULL,
  `created_at` date DEFAULT NULL,
  `login_id` int DEFAULT NULL,
  PRIMARY KEY (`id`)
) ENGINE=InnoDB AUTO_INCREMENT=2;
/*!40101 SET character_set_client = @saved_cs_client */;

--
-- Dumping data for table `deposits_interest`
--

LOCK TABLES `deposits_interest` WRITE;
/*!40000 ALTER TABLE `deposits_interest` DISABLE KEYS */;
INSERT INTO `deposits_interest` VALUES (1,'12','1',NULL,NULL);
/*!40000 ALTER TABLE `deposits_interest` ENABLE KEYS */;
UNLOCK TABLES;

--
-- Table structure for table `interest`
--

DROP TABLE IF EXISTS `interest`;
/*!40101 SET @saved_cs_client     = @@character_set_client */;
/*!50503 SET character_set_client = utf8mb4 */;
CREATE TABLE `interest` (
  `id` int NOT NULL AUTO_INCREMENT,
  `interest_value` varchar(10) DEFAULT NULL,
  `status` varchar(10) DEFAULT NULL,
  `created_at` date DEFAULT NULL,
  `login_id` int DEFAULT NULL,
  PRIMARY KEY (`id`)
) ENGINE=InnoDB AUTO_INCREMENT=2;
/*!40101 SET character_set_client = @saved_cs_client */;

--
-- Dumping data for table `interest`
--

LOCK TABLES `interest` WRITE;
/*!40000 ALTER TABLE `interest` DISABLE KEYS */;
INSERT INTO `interest` VALUES (1,'24','1',NULL,NULL);
/*!40000 ALTER TABLE `interest` ENABLE KEYS */;
UNLOCK TABLES;

--
-- Table structure for table `user_permission`
--

DROP TABLE IF EXISTS `user_permission`;
/*!40101 SET @saved_cs_client     = @@character_set_client */;
/*!50503 SET character_set_client = utf8mb4 */;
CREATE TABLE `user_permission` (
  `id` int NOT NULL AUTO_INCREMENT,
  `user_id` int DEFAULT NULL,
  `user_types_id` int DEFAULT NULL,
  `roles` int DEFAULT '0',
  `addrole` int DEFAULT '0',
  `editrole` int DEFAULT '0',
  `deleterole` int DEFAULT '0',
  `dashboard` int DEFAULT '1',
  `users` int DEFAULT '0',
  `adduser` int DEFAULT '0',
  `edituser` int DEFAULT '0',
  `deleteuser` int DEFAULT '0',
  `patients` int DEFAULT '0',
  `addpatient` int DEFAULT '0',
  `editpatient` int DEFAULT '0',
  `deletepatient` int DEFAULT '0',
  `blocks` int DEFAULT '0',
  `addblock` int DEFAULT '0',
  `editblock` int DEFAULT '0',
  `deleteblock` int DEFAULT '0',
  `rooms` int DEFAULT '0',
  `addroom` int DEFAULT '0',
  `editroom` int DEFAULT '0',
  `deleteroom` int DEFAULT '0',
  `admission` int NOT NULL DEFAULT '0',
  `billing` int NOT NULL DEFAULT '0',
  `pharmacy` int NOT NULL DEFAULT '0',
  `investigation` int NOT NULL DEFAULT '0',
  `ot` int NOT NULL DEFAULT '0',
  `mrd` int NOT NULL DEFAULT '0',
  `appointments` int NOT NULL DEFAULT '0',
  `mis` int NOT NULL DEFAULT '0',
  `Login_id` int DEFAULT '0',
  PRIMARY KEY (`id`)
) ENGINE=InnoDB AUTO_INCREMENT=5;
/*!40101 SET character_set_client = @saved_cs_client */;

--
-- Dumping data for table `user_permission`
--

LOCK TABLES `user_permission` WRITE;
/*!40000 ALTER TABLE `user_permission` DISABLE KEYS */;
INSERT INTO `user_permission` VALUES (1,1,1,1,1,1,1,1,1,1,1,1,1,1,1,1,1,1,1,1,1,1,1,1,1,1,1,1,1,1,1,1,1),(2,2,2,0,0,0,0,1,0,0,0,0,0,0,0,0,0,0,0,0,0,0,0,0,0,0,0,0,0,0,0,0,0),(3,3,3,0,0,0,0,1,0,0,0,0,0,0,0,0,0,0,0,0,0,0,0,0,0,0,0,0,0,0,0,0,0),(4,4,4,0,0,0,0,1,0,0,0,0,0,0,0,0,0,0,0,0,0,0,0,0,0,0,0,0,0,0,0,0,0);
/*!40000 ALTER TABLE `user_permission` ENABLE KEYS */;
UNLOCK TABLES;

--
-- Table structure for table `user_types`
--

DROP TABLE IF EXISTS `user_types`;
/*!40101 SET @saved_cs_client     = @@character_set_client */;
/*!50503 SET character_set_client = utf8mb4 */;
CREATE TABLE `user_types` (
  `id` int NOT NULL AUTO_INCREMENT,
  `user_types_id` int DEFAULT NULL,
  `user_types_name` varchar(191) CHARACTER SET utf8mb3 COLLATE utf8mb3_unicode_ci NOT NULL,
  `created_at` datetime DEFAULT NULL,
  `updated_at` datetime DEFAULT NULL,
  `status` int NOT NULL DEFAULT '1',
  PRIMARY KEY (`id`)
) ENGINE=InnoDB AUTO_INCREMENT=5 DEFAULT CHARSET=utf8mb3 COLLATE=utf8mb3_unicode_ci;
/*!40101 SET character_set_client = @saved_cs_client */;

--
-- Dumping data for table `user_types`
--

LOCK TABLES `user_types` WRITE;
/*!40000 ALTER TABLE `user_types` DISABLE KEYS */;
INSERT INTO `user_types` VALUES (1,1,'Superadmin','2022-06-07 11:42:03','2022-06-07 11:42:08',1),(2,2,'Manager','2022-06-07 06:11:55','2022-06-07 06:11:55',1),(3,3,'Cashier','2022-06-07 06:12:39','2022-06-07 06:12:39',1),(4,4,'Appraiser','2022-06-07 06:12:39','2022-06-07 06:12:39',1);
/*!40000 ALTER TABLE `user_types` ENABLE KEYS */;
UNLOCK TABLES;

--
-- Table structure for table `users`
--

DROP TABLE IF EXISTS `users`;
/*!40101 SET @saved_cs_client     = @@character_set_client */;
/*!50503 SET character_set_client = utf8mb4 */;
CREATE TABLE `users` (
  `id` int NOT NULL AUTO_INCREMENT,
  `user_types_id` int DEFAULT NULL,
  `full_name` varchar(191) CHARACTER SET utf8mb3 COLLATE utf8mb3_unicode_ci DEFAULT NULL,
  `first_name` varchar(20) CHARACTER SET utf8mb3 COLLATE utf8mb3_unicode_ci DEFAULT NULL,
  `last_name` varchar(20) CHARACTER SET utf8mb3 COLLATE utf8mb3_unicode_ci DEFAULT NULL,
  `gender` varchar(191) CHARACTER SET utf8mb3 COLLATE utf8mb3_unicode_ci DEFAULT NULL,
  `mobile_number` varchar(12) CHARACTER SET utf8mb3 COLLATE utf8mb3_unicode_ci DEFAULT NULL,
  `email` varchar(191) CHARACTER SET utf8mb3 COLLATE utf8mb3_unicode_ci DEFAULT NULL,
  `password` varchar(191) CHARACTER SET utf8mb3 COLLATE utf8mb3_unicode_ci DEFAULT NULL,
  `status` varchar(191) CHARACTER SET utf8mb3 COLLATE utf8mb3_unicode_ci DEFAULT '1',
  `dob` varchar(33) CHARACTER SET utf8mb3 COLLATE utf8mb3_unicode_ci DEFAULT NULL,
  `created_at` timestamp NULL DEFAULT NULL,
  `updated_at` timestamp NULL DEFAULT NULL,
  `check_password` varchar(191) CHARACTER SET utf8mb3 COLLATE utf8mb3_unicode_ci DEFAULT NULL,
  `states` varchar(10) CHARACTER SET utf8mb3 COLLATE utf8mb3_unicode_ci DEFAULT '1',
  `district_id` int DEFAULT NULL,
  `taluk_id` int DEFAULT NULL,
  `village_id` int DEFAULT NULL,
  `address` varchar(200) CHARACTER SET utf8mb3 COLLATE utf8mb3_bin DEFAULT NULL,
  `login_id` int DEFAULT NULL,
  `center_id` int DEFAULT '0',
  `profile_photo` varchar(10) CHARACTER SET utf8mb3 COLLATE utf8mb3_unicode_ci DEFAULT NULL,
  `aadhar_number` varchar(12) CHARACTER SET utf8mb3 COLLATE utf8mb3_unicode_ci DEFAULT NULL,
  PRIMARY KEY (`id`)
) ENGINE=InnoDB AUTO_INCREMENT=5 DEFAULT CHARSET=utf8mb3 COLLATE=utf8mb3_unicode_ci;
/*!40101 SET character_set_client = @saved_cs_client */;

--
-- Dumping data for table `users`
--

LOCK TABLES `users` WRITE;
/*!40000 ALTER TABLE `users` DISABLE KEYS */;
INSERT INTO `users` VALUES (1,1,'Amman Finance',NULL,NULL,'Male','1234567890','licsenthil11@gmail.com','$2y$10$xQbKheWI/acrAKRmLD9AYOtOwt8THcgh4A2I.vwVQOdtUVklLx2A.','1',NULL,NULL,NULL,'Gfh3er1321$','1',NULL,NULL,NULL,NULL,NULL,1,NULL,NULL),(2,3,'Manager','k','f','Female','9047736314','manager@gmail.com','$2y$10$iyX2Mfuf2zStKp6kb.Wxk.TZvkzZ5Nxw/mk.ZcwiUAmkEQhvptJ72','1',NULL,'2023-01-05 11:51:28',NULL,'$2y$10$/KvgXoJMGoUzBmGlGJv4Q..QJi7U6Wqgn6G2nTaETmpf.JfUMXKh2','1',NULL,NULL,NULL,'jiniikhguf\r\nyryetryf',NULL,0,'girl.png','i786868'),(3,2,'Cashier',NULL,NULL,'Female',NULL,'cashier@gmail.com','required','1',NULL,'2023-01-05 12:10:15',NULL,'$2y$10$x4GOus0krbYzQvafO0RRuO31ABOXW9JYBC4Bd52gaa8apR1DKarpa','1',NULL,NULL,NULL,NULL,NULL,0,'girl.png',NULL),(4,4,'Appraiser ','Appraiser',NULL,'Male','9344332244','appraiser@gmail.com','$2y$10$xQbKheWI/acrAKRmLD9AYOtOwt8THcgh4A2I.vwVQOdtUVklLx2A.','1',NULL,'2023-01-16 09:24:02',NULL,'Gfh3er1321$','1',NULL,NULL,NULL,'Mottavilai\r\nKarankadu PO',NULL,0,NULL,NULL);
/*!40000 ALTER TABLE `users` ENABLE KEYS */;
UNLOCK TABLES;
/*!40103 SET TIME_ZONE=@OLD_TIME_ZONE */;

/*!40101 SET SQL_MODE=@OLD_SQL_MODE */;
/*!40014 SET FOREIGN_KEY_CHECKS=@OLD_FOREIGN_KEY_CHECKS */;
/*!40014 SET UNIQUE_CHECKS=@OLD_UNIQUE_CHECKS */;
/*!40101 SET CHARACTER_SET_CLIENT=@OLD_CHARACTER_SET_CLIENT */;
/*!40101 SET CHARACTER_SET_RESULTS=@OLD_CHARACTER_SET_RESULTS */;
/*!40101 SET COLLATION_CONNECTION=@OLD_COLLATION_CONNECTION */;
/*!40111 SET SQL_NOTES=@OLD_SQL_NOTES */;

-- Dump completed on 2023-09-07 15:10:31
